date,open,close
2010-01-04,12.15,12.25
2010-01-05,12.35,12.5
2010-01-06,12.6,12.55
2010-01-08,12.55,12.75
2010-01-11,12.7,13.15
2010-01-12,13.2,13
2010-01-13,12.85,12.5
2010-01-14,12.5,12.65
2010-01-15,12.75,12.85
2010-01-18,12.65,12.75
2010-01-19,12.85,12.5
2010-01-20,12.75,12.6
2010-01-21,12.6,12.55
2010-01-22,12.35,12.2
2010-01-25,12.1,11.85
2010-01-26,11.85,11.3
2010-01-27,11.3,11.25
2010-01-28,11.3,11.4
2010-01-29,11.3,11.5
2010-02-01,11.45,11.2
2010-02-02,11.3,10.85
2010-02-03,11,10.8
2010-02-04,10.9,10.95
2010-02-05,10.8,10.55
2010-02-08,10.3,10.15
2010-02-09,10,10.2
2010-02-10,10.4,10.65
2010-02-22,10.9,10.9
2010-02-23,10.85,11.4
2010-02-24,11.4,11.5
2010-02-25,11.55,11.25
2010-02-26,11.25,11.3
2010-03-01,11.5,11.5
2010-03-02,11.6,11.55
2010-03-03,11.55,11.7
2010-03-04,11.7,12.15
2010-03-05,12.45,12.3
2010-03-08,12.5,12.5
2010-03-09,12.5,12.35
2010-03-10,12.35,12.1
2010-03-11,12.1,12.1
2010-03-12,12.15,12.1
2010-03-15,12.1,12
2010-03-16,12.1,12.15
2010-03-17,12.25,12.35
2010-03-18,12.35,12.35
2010-03-19,12.5,12.45
2010-03-22,12.45,12.3
2010-03-23,12.4,12.15
2010-03-24,12.3,12.2
2010-03-25,12.2,12.15
2010-03-26,12,12.1
2010-03-29,12.1,12.1
2010-03-30,12,12.2
2010-03-31,12,11.9
2010-04-01,11.7,11.8
2010-04-02,11.85,12.1
2010-04-06,11.55,12.1
2010-04-07,12.1,12
2010-04-08,11.9,12
2010-04-09,12,12.1
2010-04-12,12.1,12.1
2010-04-13,12.1,11.95
2010-04-14,12,11.95
2010-04-15,12.05,12.65
2010-04-16,12.8,12.6
2010-04-19,12.5,12.2
2010-04-20,12.35,12.25
2010-04-21,12.25,12.3
2010-04-22,12.3,12.3
2010-04-23,12.4,12.35
2010-04-26,12.5,12.6
2010-04-27,12.65,12.45
2010-04-28,12.1,12.25
2010-04-29,12.25,12.35
2010-04-30,12.65,12.9
2010-05-03,12.95,12.75
2010-05-04,12.9,12.55
2010-05-05,12.2,11.8
2010-05-06,11.65,11.5
2010-05-07,11.3,12
2010-05-10,12.15,12.5
2010-05-11,12.7,12.2
2010-05-12,12.4,12.75
2010-05-13,13.05,12.8
2010-05-14,12.8,13.25
2010-05-17,13.2,12.95
2010-05-18,13.05,13
2010-05-19,13,13.4
2010-05-20,13.4,12.9
2010-05-21,12.4,12.45
2010-05-24,12.55,12.6
2010-05-25,12.6,12.4
2010-05-26,12.5,12.65
2010-05-27,12.55,12.65
2010-05-28,12.8,13.1
2010-05-31,13.1,13.1
2010-06-01,13,12.7
2010-06-02,12.5,12.5
2010-06-03,13.25,12.85
2010-06-04,12.85,12.85
2010-06-07,12.45,12.55
2010-06-08,12.5,12.7
2010-06-09,12.75,12.5
2010-06-10,12.7,12.55
2010-06-11,12.7,13
2010-06-14,13.1,13.05
2010-06-15,13.15,13.45
2010-06-17,13.6,13.4
2010-06-18,13.5,13.4
2010-06-21,13.95,14.3
2010-06-22,15,15.3
2010-06-23,15.5,15.55
2010-06-24,15.55,15.75
2010-06-25,15.5,15.75
2010-06-28,15.95,16.85
2010-06-29,17.15,16.1
2010-06-30,15.8,16.45
2010-07-01,16.65,17.55
2010-07-02,17.65,17.25
2010-07-05,17.25,17.2
2010-07-06,17.4,17.9
2010-07-07,18,18.9
2010-07-09,19.3,18.7
2010-07-12,18.5,17.95
2010-07-13,17.9,18
2010-07-14,18.3,19.25
2010-07-15,19.25,19.4
2010-07-16,19.5,19.7
2010-07-19,19.6,19.3
2010-07-20,19.3,18.55
2010-07-21,18.85,19.6
2010-07-22,19.8,20.5
2010-07-23,20.65,20.85
2010-07-26,20.9,21.1
2010-07-28,20.9,21.15
2010-07-29,21.2,21.5
2010-07-30,21.2,20.75
2010-08-02,20.95,21.5
2010-08-03,21.5,21
2010-08-04,21,22.3
2010-08-05,22.6,23
2010-08-06,23,22.95
2010-08-09,22.95,22.95
2010-08-10,23.05,23.95
2010-08-11,23.95,22.8
2010-08-13,22.1,22.2
2010-08-16,22.2,22.75
2010-08-17,23.5,22.15
2010-08-18,22.2,20.85
2010-08-19,20.85,20.5
2010-08-20,20.6,21.65
2010-08-23,21.65,21.35
2010-08-24,21.35,20.5
2010-08-25,20,19.3
2010-08-26,19.3,19.35
2010-08-27,19.35,19.55
2010-08-30,19.55,19.9
2010-08-31,20.4,19
2010-09-01,19.45,19.4
2010-09-02,19.75,20.05
2010-09-03,20.9,20.35
2010-09-06,20.5,20
2010-09-07,19.95,20
2010-09-08,20,19.2
2010-09-09,19,18.25
2010-09-10,18.8,18.95
2010-09-13,19.1,19.5
2010-09-14,19.85,20.1
2010-09-15,20.1,20.1
2010-09-16,20.1,19.6
2010-09-17,19.9,20.95
2010-09-20,21,21.1
2010-09-21,21.5,20.55
2010-09-23,20.45,20.1
2010-09-24,20.1,20.35
2010-09-27,20.6,20.35
2010-09-28,20.35,20
2010-09-29,20.2,20.45
2010-09-30,20.55,20.05
2010-10-01,20.1,20
2010-10-04,20,19.95
2010-10-05,20.6,21.3
2010-10-06,21.85,22
2010-10-07,22,21.5
2010-10-08,21.5,21.55
2010-10-11,21.8,21.8
2010-10-12,21.8,21.25
2010-10-13,21.25,20.5
2010-10-14,20.65,20.65
2010-10-15,20.65,20.75
2010-10-18,20.5,20.15
2010-10-20,20.2,20.4
2010-10-21,20.4,20.85
2010-10-22,20.95,21.15
2010-10-25,21.4,22
2010-10-26,22.2,21.7
2010-10-27,21.8,22.8
2010-10-28,22.8,22.8
2010-10-29,23.5,23.3
2010-11-01,23.65,24.15
2010-11-02,24.15,23.55
2010-11-03,23.95,23.65
2010-11-05,24.15,23.1
2010-11-08,23,23.1
2010-11-09,23.1,23.15
2010-11-10,23.2,22.55
2010-11-11,22.55,22.75
2010-11-12,22.65,22.45
2010-11-15,22.45,22.45
2010-11-16,22.55,22.05
2010-11-17,21.8,21.85
2010-11-18,22,23.2
2010-11-19,23.6,23.3
2010-11-22,23.55,23.8
2010-11-23,24.1,24.2
2010-11-25,24.1,23.95
2010-11-26,23.75,23.2
2010-11-29,23.6,23.55
2010-11-30,23.75,24.15
2010-12-01,24.3,24.25
2010-12-02,24.5,24.75
2010-12-03,24.95,24.6
2010-12-06,24.6,24.7
2010-12-07,24.7,24.3
2010-12-08,24.3,23.9
2010-12-09,24.2,24.15
2010-12-10,24.2,24.4
2010-12-13,24.5,24.3
2010-12-14,24.4,24.1
2010-12-15,24.2,24.2
2010-12-16,24.3,24.55
2010-12-17,24.65,24.35
2010-12-20,24.35,23.95
2010-12-21,24.1,24.5
2010-12-22,24.6,25
2010-12-23,25.3,25.15
2010-12-24,25.15,25
2010-12-27,25,25.8
2010-12-28,25.9,25.8
2010-12-29,26.15,27.6
2010-12-30,27.85,28.65
2010-12-31,28.9,28.25
2011-01-03,28.8,30.05
2011-01-04,30.4,30.1
2011-01-05,30.1,28.9
2011-01-06,28.9,29.7
2011-01-07,29.5,28.8
2011-01-10,29,29.8
2011-01-11,29.8,30.3
2011-01-12,30.5,30.15
2011-01-13,30.3,30.6
2011-01-14,30.55,29.9
2011-01-17,29.6,28.6
2011-01-18,28.2,28.7
2011-01-19,28.85,28.95
2011-01-20,29,29.05
2011-01-21,28.9,28.75
2011-01-24,28.9,28.6
2011-01-25,28.75,28.85
2011-01-26,29.1,28.85
2011-01-27,29.1,29.5
2011-01-28,29.5,29.3
2011-02-08,29.5,28.45
2011-02-09,28.35,28.4
2011-02-10,28.4,27.15
2011-02-11,27,26.1
2011-02-14,26.5,27.65
2011-02-15,27.6,27.3
2011-02-16,27.3,27.2
2011-02-17,27.2,26.25
2011-02-18,26.4,26.4
2011-02-21,26.45,26.45
2011-02-22,25.9,25.2
2011-02-23,24.7,24.75
2011-02-24,24.75,24.8
2011-02-25,25.2,25.1
2011-03-01,25.4,26.2
2011-03-02,25.5,25.6
2011-03-03,25.8,25.8
2011-03-04,26.1,26.05
2011-03-07,25.85,25.05
2011-03-08,24.75,24.85
2011-03-09,25.25,25.1
2011-03-10,25.15,25
2011-03-11,25,25.6
2011-03-14,25.2,24.25
2011-03-15,24.3,22.75
2011-03-16,23.2,22.65
2011-03-17,22.05,23
2011-03-18,23.2,23.2
2011-03-21,23.3,23.6
2011-03-22,23.7,24.15
2011-03-23,24.3,24.05
2011-03-24,24.35,24.2
2011-03-25,24.35,24.2
2011-03-28,24,23.55
2011-03-29,23.2,23.2
2011-03-30,23.4,23.35
2011-03-31,23.35,23
2011-04-01,23,23.15
2011-04-06,23.2,22.85
2011-04-07,22.85,24.15
2011-04-08,24.1,24.1
2011-04-11,23.7,23.5
2011-04-12,23.55,23.65
2011-04-13,23.9,24.9
2011-04-15,24.85,23.9
2011-04-18,24,23.8
2011-04-19,23.5,23.7
2011-04-20,24.2,24.35
2011-04-21,24.45,24.45
2011-04-22,24.5,24.5
2011-04-25,24.9,25.95
2011-04-26,25.95,26
2011-04-27,26.3,25.85
2011-04-28,26,25.1
2011-04-29,25.1,24.25
2011-05-03,24.9,24.45
2011-05-04,24.6,25.5
2011-05-05,25.5,25.8
2011-05-06,26.3,25.8
2011-05-09,26.4,26.55
2011-05-10,26.55,26.4
2011-05-11,26.6,25.85
2011-05-12,26.2,25.9
2011-05-13,26.1,25.35
2011-05-16,25.5,25.25
2011-05-17,25.25,25.35
2011-05-18,25.35,25.4
2011-05-19,25.4,24.9
2011-05-23,24.5,24.3
2011-05-24,24.2,24.15
2011-05-25,24.15,23.35
2011-05-26,23.5,24.2
2011-05-27,24.2,24.3
2011-05-30,24,24.4
2011-05-31,24.55,24.95
2011-06-01,24.95,24.65
2011-06-02,24.4,24
2011-06-03,24.1,23.7
2011-06-07,23.55,23.65
2011-06-08,23.65,23.5
2011-06-09,23.5,23.35
2011-06-10,23.45,23
2011-06-13,22.85,22.75
2011-06-14,22.85,22.45
2011-06-15,22.5,22.1
2011-06-16,21.9,21
2011-06-17,21,21.2
2011-06-20,21.3,21.1
2011-06-21,21.3,21.3
2011-06-22,21.6,21.4
2011-06-23,21.6,21.15
2011-06-24,21.4,21.35
2011-06-27,21.35,21.5
2011-06-28,21.7,21.5
2011-06-29,21.8,21.6
2011-06-30,21.65,21.8
2011-07-01,21.95,21.75
2011-07-04,21.9,21.4
2011-07-05,21.3,21.15
2011-07-06,21.15,20.8
2011-07-07,20.8,21.05
2011-07-08,21.05,20.75
2011-07-11,20.75,20.85
2011-07-12,20.7,20.25
2011-07-13,20.25,19.4
2011-07-14,19.5,18.35
2011-07-15,18.5,19.6
2011-07-18,19.9,19.75
2011-07-19,19.9,19.4
2011-07-20,19.6,19.55
2011-07-21,19.55,19.15
2011-07-22,19.2,19.05
2011-07-25,19,18.8
2011-07-26,18.8,18.8
2011-07-27,18.85,18.85
2011-07-28,18.7,18.6
2011-07-29,18.5,18.4
2011-08-01,18.6,18.2
2011-08-02,18.1,18.35
2011-08-03,18.1,18.05
2011-08-04,18.05,17.9
2011-08-05,16.8,16.65
2011-08-08,16.35,15.5
2011-08-09,14.45,15.7
2011-08-10,16.55,16.75
2011-08-11,16.2,16.35
2011-08-12,16.9,16.5
2011-08-15,17,16.85
2011-08-16,17,16.8
2011-08-17,17,16.8
2011-08-18,16.95,16.4
2011-08-19,16.05,15.85
2011-08-22,15.9,15.85
2011-08-23,16.3,16.8
2011-08-24,16.9,16.8
2011-08-25,17.1,16.6
2011-08-26,16.7,16.45
2011-08-29,16.55,16.65
2011-08-30,16.1,15.55
2011-08-31,15.35,15.55
2011-09-01,15.6,16.05
2011-09-02,16.4,16.5
2011-09-05,16.3,16.05
2011-09-06,15.6,15.2
2011-09-07,15.6,15.8
2011-09-08,16,16.1
2011-09-09,16.1,16.45
2011-09-13,16.45,16.25
2011-09-14,16.5,16.1
2011-09-15,16.6,16.95
2011-09-16,17.3,16.85
2011-09-19,16.7,16.5
2011-09-20,16.5,16.2
2011-09-21,16.25,16.4
2011-09-22,13.4,13.2
2011-09-23,12.6,12.3
2011-09-26,12.3,11.45
2011-09-27,11.65,11.6
2011-09-29,11.5,11.75
2011-09-30,12,11.95
2011-10-03,11.8,11.35
2011-10-04,11.05,11.15
2011-10-05,11.3,11.2
2011-10-06,11.4,11.45
2011-10-07,11.75,11.65
2011-10-11,11.85,12
2011-10-12,11.95,11.95
2011-10-13,12,12.75
2011-10-14,12.8,12.5
2011-10-17,12.7,12.85
2011-10-18,12.6,12.5
2011-10-19,12.65,12.55
2011-10-20,12.5,12.1
2011-10-21,12.05,12.1
2011-10-24,12.5,12.45
2011-10-25,12.45,12.4
2011-10-26,12.35,12.6
2011-10-27,12.6,12.9
2011-10-28,13.2,12.75
2011-10-31,12.75,12.5
2011-11-01,12.5,12.5
2011-11-02,12.3,12.35
2011-11-03,12.35,12.2
2011-11-04,12.4,12.5
2011-11-07,12.6,12.85
2011-11-08,13,12.6
2011-11-09,12.65,12.45
2011-11-10,12.3,12
2011-11-11,12.1,12.05
2011-11-14,12.3,12.2
2011-11-15,12.4,12.15
2011-11-16,12.25,11.85
2011-11-17,11.6,11.7
2011-11-18,11.55,11.5
2011-11-21,11.5,11.1
2011-11-22,10.8,11.1
2011-11-23,11.1,10.6
2011-11-24,10.5,10.8
2011-11-25,11,11.2
2011-11-28,11.3,11.3
2011-11-29,11.45,11.5
2011-11-30,11.5,11.5
2011-12-01,11.85,12
2011-12-05,11.7,11.6
2011-12-06,11.5,11.35
2011-12-07,11.4,11.35
2011-12-08,11.35,11.1
2011-12-09,11,10.7
2011-12-12,11,10.85
2011-12-13,10.8,10.65
2011-12-14,10.6,11
2011-12-15,11,10.65
2011-12-16,10.7,10.7
2011-12-19,10.7,10.15
2011-12-21,10.8,10.85
2011-12-22,10.9,10.7
2011-12-23,10.8,11.1
2011-12-26,11.1,10.9
2011-12-27,10.9,11.3
2011-12-28,11.4,12.05
2011-12-29,12.1,12.1
2011-12-30,12.2,12.1
2012-01-02,12.1,11.8
2012-01-03,11.9,12.6
2012-01-04,12.6,12.7
2012-01-06,13.35,13
2012-01-09,13,13.3
2012-01-10,13.5,13.4
2012-01-11,13.4,13.3
2012-01-12,13.1,12.95
2012-01-13,13.15,12.75
2012-01-16,13,12.55
2012-01-17,12.55,12.7
2012-01-18,12.65,12.25
2012-01-30,12.55,12.65
2012-01-31,12.65,13
2012-02-01,13.15,13.9
2012-02-02,14.35,14.85
2012-02-03,15.35,15.85
2012-02-06,15.6,15.5
2012-02-07,15.5,16
2012-02-08,16.1,16.4
2012-02-09,16.4,16.2
2012-02-10,16.45,16.25
2012-02-13,16.6,17.35
2012-02-14,17.45,16.85
2012-02-15,17.1,17.3
2012-02-16,17.2,16.55
2012-02-17,17,16.3
2012-02-20,16.4,16.7
2012-02-21,16.75,16.7
2012-02-22,16.6,16.85
2012-02-23,16.95,16.6
2012-02-24,16.6,16.45
2012-02-29,16.6,17.1
2012-03-01,17.4,17.9
2012-03-02,18.05,17.6
2012-03-05,17.55,17
2012-03-06,16.8,16.65
2012-03-07,16.25,16.35
2012-03-08,16.4,17
2012-03-09,17.1,16.7
2012-03-12,16.7,16.45
2012-03-14,16.9,17.2
2012-03-15,17.3,17.05
2012-03-16,17.4,17.15
2012-03-19,17.45,17.15
2012-03-20,17.2,16.7
2012-03-21,16.55,16.7
2012-03-22,16.8,16.6
2012-03-23,16.6,16.55
2012-03-26,16.7,16.45
2012-03-27,16.6,16.35
2012-03-28,16.35,16.45
2012-03-29,16.45,15.65
2012-03-30,15.3,15.75
2012-04-03,15.85,15.25
2012-04-05,14.8,15.65
2012-04-06,15.7,15.8
2012-04-09,15.5,16.05
2012-04-10,16.15,15.5
2012-04-11,15.2,15.2
2012-04-12,15.2,14.6
2012-04-13,14.7,14.35
2012-04-16,14.2,13.9
2012-04-17,13.9,13
2012-04-18,13.2,12.8
2012-04-19,12.85,13.15
2012-04-20,13.2,12.8
2012-04-23,12.9,12.85
2012-04-24,12.85,12.9
2012-04-25,12.95,12.9
2012-04-26,12.9,12.9
2012-04-27,13.1,12.5
2012-04-30,12.5,12.4
2012-05-02,12.3,12.55
2012-05-03,12.55,12.55
2012-05-04,12.55,13.4
2012-05-07,13.45,13.15
2012-05-08,13.3,13.4
2012-05-09,13.5,13.45
2012-05-10,13.8,13.65
2012-05-11,13.65,13.05
2012-05-14,13.1,12.7
2012-05-15,12.5,12.3
2012-05-16,12.3,11.85
2012-05-17,12,12.1
2012-05-18,11.8,11.5
2012-05-21,11.55,11.6
2012-05-22,11.7,11.9
2012-05-23,11.75,11.8
2012-05-24,12,11.55
2012-05-25,11.65,11.65
2012-05-28,11.75,11.8
2012-05-29,11.9,12.55
2012-05-30,12.5,12.2
2012-05-31,11.9,12.35
2012-06-01,12.2,12
2012-06-04,11.7,11.45
2012-06-05,11.75,11.7
2012-06-06,11.9,11.8
2012-06-07,11.95,11.95
2012-06-08,11.95,11.95
2012-06-12,11.95,12.1
2012-06-13,12.2,12.05
2012-06-14,12.1,12.1
2012-06-15,12.1,12.25
2012-06-18,12.65,12.75
2012-06-19,12.65,12.65
2012-06-20,12.9,12.9
2012-06-21,12.9,12.9
2012-06-22,12.9,13
2012-06-25,13.05,13.15
2012-06-26,13,12.75
2012-06-27,12.75,13.25
2012-06-28,13.35,13
2012-06-29,13.05,13.35
2012-07-02,13.4,13.3
2012-07-03,13.3,13.3
2012-07-04,13.45,13.55
2012-07-05,13.55,13.55
2012-07-06,13.55,13.45
2012-07-09,13.15,13.25
2012-07-10,13.4,13.15
2012-07-11,13.15,13.1
2012-07-12,13.1,12.95
2012-07-13,12.95,12.9
2012-07-16,13,13.2
2012-07-17,13.3,13.4
2012-07-18,13.4,13
2012-07-19,13.15,12.95
2012-07-20,12.9,12.95
2012-07-23,12.8,12.2
2012-07-24,12.1,11.95
2012-07-25,11.7,11.8
2012-07-26,12,11.9
2012-07-27,12.15,12.2
2012-07-30,12.2,12.1
2012-07-31,12.1,12.3
2012-08-01,12.3,12.6
2012-08-03,12.5,12.55
2012-08-06,12.8,13
2012-08-07,13.1,13
2012-08-08,13.1,13
2012-08-09,13,13.2
2012-08-10,13.2,13.15
2012-08-13,13.2,13.15
2012-08-14,13.15,13
2012-08-16,12.75,12.8
2012-08-17,12.7,12.8
2012-08-20,12.8,12.6
2012-08-21,12.65,12.6
2012-08-22,12.6,12.5
2012-08-23,12.45,12.5
2012-08-24,12.5,12.8
2012-08-27,12.8,12.65
2012-08-28,12.65,12.3
2012-08-29,12.3,12.35
2012-08-30,12.35,12.25
2012-09-03,11.95,12.2
2012-09-04,12.2,12.05
2012-09-05,12,11.8
2012-09-06,11.8,11.75
2012-09-07,11.9,11.8
2012-09-10,11.9,12
2012-09-11,12.1,11.95
2012-09-12,12.05,11.95
2012-09-13,12,11.9
2012-09-14,12,12
2012-09-17,12.1,12.5
2012-09-19,12.45,12.4
2012-09-20,12.5,12.5
2012-09-21,12.6,12.5
2012-09-24,12.5,12.3
2012-09-25,12.3,12.15
2012-09-26,12.1,12.1
2012-09-27,12.05,12.15
2012-09-28,12.2,12.2
2012-10-01,12.2,12
2012-10-02,12,12.1
2012-10-03,12.1,12
2012-10-04,12,12.25
2012-10-05,12.2,12.1
2012-10-09,12,11.9
2012-10-11,11.8,11.85
2012-10-12,11.9,11.85
2012-10-15,11.85,11.85
2012-10-16,11.9,11.9
2012-10-17,12,11.9
2012-10-18,12.05,12.2
2012-10-19,12.2,12.1
2012-10-22,11.9,12.1
2012-10-23,12.15,11.95
2012-10-24,11.9,11.9
2012-10-25,12,11.85
2012-10-26,11.8,11.1
2012-10-29,11.1,11.15
2012-10-31,11.3,11.4
2012-11-01,11.4,11.6
2012-11-02,11.6,11.55
2012-11-05,11.45,11.55
2012-11-06,11.6,11.55
2012-11-07,11.6,11.55
2012-11-08,11.45,11.55
2012-11-09,11.5,11.65
2012-11-12,11.7,11.7
2012-11-13,11.7,11.5
2012-11-14,11.5,11.45
2012-11-15,11.4,11.5
2012-11-16,11.5,11.4
2012-11-19,11.4,11.4
2012-11-20,11.5,11.45
2012-11-21,11.6,11.2
2012-11-22,11.2,11.25
2012-11-23,11.3,11.55
2012-11-26,11.65,11.9
2012-11-27,11.95,11.85
2012-11-28,11.75,11.7
2012-11-29,11.8,11.9
2012-11-30,11.9,12.25
2012-12-03,12.45,12.4
2012-12-04,12.35,12.5
2012-12-05,12.5,12.7
2012-12-06,12.75,12.5
2012-12-07,12.6,12.5
2012-12-10,12.55,12.4
2012-12-11,12.4,12.65
2012-12-12,12.75,12.75
2012-12-13,12.8,13.1
2012-12-14,13.1,12.85
2012-12-17,13.05,12.95
2012-12-18,13,13.05
2012-12-19,13.1,13.05
2012-12-20,13.1,13.25
2012-12-21,13.4,13
2012-12-24,13.25,13.05
2012-12-25,13.05,13.15
2012-12-26,13.2,13.35
2012-12-27,13.35,13.3
2012-12-28,13.5,13.9
2013-01-02,14,14.15
2013-01-03,14.35,14.25
2013-01-07,14.65,14.8
2013-01-08,14.6,14.7
2013-01-09,14.7,15.1
2013-01-10,15.25,15.45
2013-01-11,15.5,15.4
2013-01-14,15.2,14.85
2013-01-15,14.8,14.6
2013-01-16,14.65,14.7
2013-01-17,14.75,13.85
2013-01-18,14.1,14.45
2013-01-21,14.5,14.6
2013-01-22,14.6,14.4
2013-01-23,14.4,14.3
2013-01-24,14.2,14.2
2013-01-25,14.35,13.95
2013-01-28,13.95,13.85
2013-01-29,14,14
2013-01-30,14.1,14.2
2013-01-31,14.2,14.25
2013-02-01,14.2,14
2013-02-04,14,14
2013-02-05,13.9,13.85
2013-02-06,14,13.9
2013-02-18,14.05,13.9
2013-02-19,14,13.65
2013-02-20,13.9,14.6
2013-02-21,14.6,14.45
2013-02-22,14.45,14.3
2013-02-25,14.9,14.6
2013-02-26,14.4,14.25
2013-02-27,14.35,14.05
2013-03-01,14.1,14.4
2013-03-04,14.5,14.15
2013-03-05,14.2,14.2
2013-03-06,14.4,14.4
2013-03-08,14.45,14.85
2013-03-11,15,15.1
2013-03-12,15.1,14.65
2013-03-13,14.7,14.8
2013-03-14,14.8,14.55
2013-03-15,14.6,14.2
2013-03-19,14.1,14.1
2013-03-20,14.1,13.9
2013-03-21,13.9,13.9
2013-03-22,13.85,13.8
2013-03-25,13.95,14.1
2013-03-26,14.1,14
2013-03-27,14,13.9
2013-03-28,13.9,13.65
2013-03-29,13.65,13.85
2013-04-01,13.85,14
2013-04-02,14,14.05
2013-04-03,14.05,14.1
2013-04-08,13.5,13.3
2013-04-09,13.3,13.25
2013-04-10,13.25,13.2
2013-04-11,13.3,13.45
2013-04-12,13.6,13.45
2013-04-15,13.4,13.1
2013-04-16,12.95,13.25
2013-04-17,13.3,13.15
2013-04-18,13,13
2013-04-19,13,13.4
2013-04-22,13.4,13.2
2013-04-23,13.2,13.1
2013-04-24,13.2,13.3
2013-04-26,13.3,13.35
2013-04-29,13.35,13.15
2013-04-30,13.3,13.25
2013-05-02,13.2,13
2013-05-03,13,12.95
2013-05-06,13.05,12.85
2013-05-07,12.85,12.95
2013-05-08,12.95,13.25
2013-05-09,13.3,13.25
2013-05-10,13.25,13.25
2013-05-14,13.05,13.1
2013-05-15,13.1,13.1
2013-05-16,13.1,13
2013-05-17,12.9,12.9
2013-05-20,12.9,12.95
2013-05-21,13,13.05
2013-05-22,13.05,13.4
2013-05-23,13.35,13
2013-05-24,13,13
2013-05-27,13,12.95
2013-05-28,12.95,12.85
2013-05-29,12.85,12.9
2013-05-30,12.9,12.65
2013-05-31,12.8,12.8
2013-06-03,12.7,12.7
2013-06-04,12.7,12.4
2013-06-05,12.4,12.3
2013-06-06,12.3,12.05
2013-06-07,12.05,12.25
2013-06-10,12.25,12.3
2013-06-11,12.4,12.2
2013-06-13,12.45,12.3
2013-06-14,12.4,12.05
2013-06-17,12.05,12.2
2013-06-18,12.3,12.4
2013-06-19,12.5,12.7
2013-06-20,12.6,12.55
2013-06-21,12.4,12.4
2013-06-24,12.4,12.3
2013-06-25,12.3,12.15
2013-06-26,12.3,12.4
2013-06-27,12.4,12.3
2013-06-28,12.35,12.45
2013-07-01,12.5,12.4
2013-07-02,12.45,12.3
2013-07-03,12.35,12.25
2013-07-04,12.3,12.2
2013-07-05,12.3,12.25
2013-07-08,12.25,12.05
2013-07-09,12.1,12.2
2013-07-10,12.2,12.1
2013-07-11,12.3,12.6
2013-07-12,12.6,12.6
2013-07-15,12.55,12.65
2013-07-16,12.65,12.9
2013-07-17,12.95,12.95
2013-07-18,13.05,12.85
2013-07-19,12.9,12.7
2013-07-22,12.75,12.75
2013-07-23,12.85,12.85
2013-07-24,12.75,12.85
2013-07-25,12.85,12.7
2013-07-29,12.7,12.45
2013-07-30,12.45,12.45
2013-07-31,12.6,12.75
2013-08-01,12.9,12.8
2013-08-02,12.9,12.85
2013-08-05,12.9,13.1
2013-08-06,13.1,12.8
2013-08-07,12.8,12.8
2013-08-08,12.8,12.8
2013-08-09,12.85,12.9
2013-08-12,12.85,12.8
2013-08-13,12.8,12.75
2013-08-14,12.75,12.8
2013-08-15,12.8,12.8
2013-08-16,12.7,12.9
2013-08-19,12.9,13.4
2013-08-20,13.5,13.45
2013-08-22,13.45,13.5
2013-08-23,13.6,13.65
2013-08-26,13.75,13.4
2013-08-27,13.4,13.05
2013-08-28,13,13
2013-08-29,13,13.1
2013-08-30,13.15,13.1
2013-09-02,13.1,13.05
2013-09-03,13.05,13.1
2013-09-04,13.1,13
2013-09-05,13.1,13.5
2013-09-06,13.55,13.7
2013-09-09,13.7,13.8
2013-09-10,14,14
2013-09-11,14.1,14.15
2013-09-12,14.15,13.95
2013-09-13,14.05,13.65
2013-09-16,13.8,13.65
2013-09-17,13.65,13.65
2013-09-18,13.7,13.7
2013-09-23,13.75,13.7
2013-09-24,13.8,13.7
2013-09-25,13.85,13.85
2013-09-26,14,13.65
2013-09-27,13.65,13.75
2013-09-30,13.7,13.55
2013-10-01,13.6,13.7
2013-10-02,13.7,13.7
2013-10-04,13.85,13.8
2013-10-07,13.85,13.9
2013-10-08,13.9,13.85
2013-10-09,13.75,13.55
2013-10-11,13.65,13.25
2013-10-14,13.25,12.95
2013-10-15,13,13.15
2013-10-16,13.15,13.1
2013-10-17,13.2,13.1
2013-10-18,13.1,13.1
2013-10-22,13,13
2013-10-23,13.05,13.05
2013-10-24,13.05,12.95
2013-10-25,12.95,12.95
2013-10-28,13.05,13.15
2013-10-29,13.15,13.1
2013-10-30,13.1,13.1
2013-10-31,13.05,13.05
2013-11-01,13.1,13
2013-11-04,13,13.05
2013-11-05,13.15,12.9
2013-11-07,12.9,12.75
2013-11-08,12.75,12.4
2013-11-11,12.5,12.35
2013-11-12,12.4,12.35
2013-11-13,12.35,12.25
2013-11-14,12.35,12.35
2013-11-15,12.45,12.5
2013-11-18,12.55,12.4
2013-11-19,12.5,12.4
2013-11-20,12.45,12.4
2013-11-21,12.45,12.35
2013-11-25,12.7,12.9
2013-11-26,13,12.95
2013-11-27,13,12.95
2013-11-28,13,12.95
2013-11-29,13,13
2013-12-02,13.05,13
2013-12-03,12.9,12.8
2013-12-04,12.75,12.9
2013-12-05,12.9,12.8
2013-12-06,12.8,12.7
2013-12-09,12.9,12.8
2013-12-11,12.9,12.8
2013-12-12,12.8,12.75
2013-12-13,12.7,12.8
2013-12-16,12.8,13
2013-12-17,13.05,12.95
2013-12-18,13,13
2013-12-19,13.1,13.05
2013-12-20,13.1,13.1
2013-12-23,13.1,13.25
2013-12-24,13.4,13.5
2013-12-25,13.6,13.85
2013-12-27,13.85,13.9
2013-12-30,13.95,14.05
2013-12-31,14.05,13.95
2014-01-02,14,13.85
2014-01-03,13.75,13.6
2014-01-06,13.65,13.8
2014-01-07,13.8,13.75
2014-01-08,13.7,13.65
2014-01-09,13.6,13.65
2014-01-10,13.65,13.8
2014-01-14,13.8,13.55
2014-01-15,13.6,13.5
2014-01-16,13.5,13.3
2014-01-17,13.3,13.4
2014-01-20,13.4,13.5
2014-01-21,13.5,13.5
2014-01-22,13.5,13.6
2014-01-23,13.6,13.45
2014-01-24,13.4,13.4
2014-01-27,13.3,13.15
2014-02-05,13,12.75
2014-02-06,12.7,12.75
2014-02-07,12.9,12.9
2014-02-10,12.95,12.75
2014-02-11,12.75,12.8
2014-02-12,12.85,12.85
2014-02-13,12.8,12.7
2014-02-14,12.8,12.75
2014-02-17,12.75,12.8
2014-02-18,12.75,12.9
2014-02-19,12.95,13
2014-02-20,13,12.9
2014-02-21,12.9,12.95
2014-02-24,12.9,12.8
2014-02-25,12.8,12.8
2014-02-26,12.8,12.8
2014-02-27,12.95,13
2014-03-03,13,12.8
2014-03-04,12.75,12.65
2014-03-05,12.8,12.7
2014-03-06,12.7,12.8
2014-03-07,12.7,12.75
2014-03-10,12.75,12.75
2014-03-11,12.75,12.65
2014-03-12,12.65,12.6
2014-03-13,12.6,12.55
2014-03-14,12.55,12.5
2014-03-17,12.5,12.55
2014-03-18,12.6,12.5
2014-03-19,12.55,12.45
2014-03-20,12.4,12.35
2014-03-21,12.4,12.4
2014-03-25,12.4,12.4
2014-03-26,12.4,12.55
2014-03-27,12.6,12.8
2014-03-28,12.8,12.8
2014-03-31,12.8,12.8
2014-04-01,12.8,12.75
2014-04-02,12.75,12.9
2014-04-03,12.9,12.9
2014-04-07,12.8,12.95
2014-04-08,12.9,12.9
2014-04-09,12.9,12.9
2014-04-10,12.9,12.95
2014-04-11,12.85,12.8
2014-04-14,12.8,12.75
2014-04-15,12.75,12.7
2014-04-16,12.7,12.85
2014-04-17,12.85,12.75
2014-04-18,12.8,12.8
2014-04-21,12.8,12.8
2014-04-22,12.8,12.85
2014-04-23,12.9,12.8
2014-04-24,12.85,12.8
2014-04-25,12.8,12.55
2014-04-28,12.35,12.6
2014-04-29,12.6,12.55
2014-04-30,12.6,12.35
2014-05-02,12.35,12.4
2014-05-05,12.45,12.4
2014-05-06,12.35,12.4
2014-05-07,12.5,12.4
2014-05-08,12.4,12.45
2014-05-09,12.4,12.35
2014-05-12,12.4,12.3
2014-05-13,12.35,12.4
2014-05-14,12.4,12.4
2014-05-15,12.3,12.4
2014-05-16,12.3,12.4
2014-05-19,12.35,12.35
2014-05-20,12.35,12.35
2014-05-21,12.25,12.25
2014-05-22,12.25,12.55
2014-05-23,12.55,12.65
2014-05-26,12.7,12.6
2014-05-27,12.6,12.6
2014-05-28,12.6,12.75
2014-05-29,12.7,12.65
2014-05-30,12.7,12.7
2014-06-03,12.65,12.5
2014-06-04,12.5,12.4
2014-06-05,12.45,12.25
2014-06-06,12.2,12.3
2014-06-10,12.25,12.3
2014-06-11,12.3,12.25
2014-06-12,12.25,12.3
2014-06-13,12.25,12.25
2014-06-16,12.25,12.3
2014-06-17,12.35,12.25
2014-06-18,12.25,12.25
2014-06-19,12.35,12.2
2014-06-20,12.2,12.25
2014-06-23,12.2,12.05
2014-06-24,12.05,12.1
2014-06-25,12.05,12.05
2014-06-26,12.05,12.1
2014-06-27,12.1,12.05
2014-06-30,12.05,12
2014-07-01,12.1,12.25
2014-07-02,12.3,12.15
2014-07-03,12.1,12.1
2014-07-04,12.05,12.15
2014-07-08,12.1,12.1
2014-07-09,12,12.05
2014-07-10,12.15,12.25
2014-07-11,12.3,12.15
2014-07-14,12.2,12.3
2014-07-15,12.35,12.35
2014-07-16,12.3,12.3
2014-07-17,12.3,12.3
2014-07-18,12.25,12.25
2014-07-21,12.35,12.3
2014-07-22,12.35,12.4
2014-07-24,12.4,12.35
2014-07-25,12.35,12.3
2014-07-28,12.3,12.45
2014-07-29,12.5,12.45
2014-07-30,12.45,12.65
2014-08-01,12.45,12.6
2014-08-04,12.6,12.55
2014-08-05,12.55,12.25
2014-08-06,12.25,12.35
2014-08-07,12.3,12.3
2014-08-08,12.3,12.1
2014-08-11,12.2,12.25
2014-08-12,12.3,12.35
2014-08-13,12.45,12.65
2014-08-14,12.7,12.55
2014-08-15,12.65,12.55
2014-08-19,12.7,12.6
2014-08-20,12.75,13.15
2014-08-21,13.25,13.15
2014-08-22,13.25,13.6
2014-08-25,13.65,13.8
2014-08-26,13.85,13.6
2014-08-27,13.6,13.55
2014-08-28,13.6,13.55
2014-08-29,13.6,13.45
2014-09-01,13.6,13.55
2014-09-02,13.6,13.4
2014-09-04,13.6,13.55
2014-09-05,13.65,13.7
2014-09-09,13.85,14.1
2014-09-10,14.1,14.05
2014-09-11,14.2,14.25
2014-09-12,14.25,13.85
2014-09-15,13.8,13.9
2014-09-16,14,13.8
2014-09-17,13.8,13.85
2014-09-18,13.95,13.9
2014-09-19,14,13.8
2014-09-22,13.85,13.45
2014-09-24,13.1,13.15
2014-09-25,13.2,13.05
2014-09-26,13,13.2
2014-09-29,13.2,13.05
2014-09-30,13,13.25
2014-10-01,13.25,13.15
2014-10-02,13.15,13.2
2014-10-03,13.2,13.2
2014-10-06,13.2,13.25
2014-10-07,13.2,13.25
2014-10-08,13.2,13.1
2014-10-13,13,12.8
2014-10-14,12.8,13.4
2014-10-15,13.4,13.5
2014-10-16,13.4,13.4
2014-10-17,13.55,13.4
2014-10-20,13.65,13.7
2014-10-21,13.7,13.6
2014-10-22,13.8,13.65
2014-10-23,13.75,13.9
2014-10-24,13.9,13.55
2014-10-28,13.45,13.45
2014-10-29,13.55,13.55
2014-10-30,13.65,13.65
2014-10-31,13.8,13.9
2014-11-03,14,13.85
2014-11-04,13.9,13.9
2014-11-05,14,14.3
2014-11-06,14.35,14.15
2014-11-07,14.2,14.2
2014-11-10,14.25,14.2
2014-11-11,14.3,14.15
2014-11-13,13.9,14
2014-11-14,14.25,14.2
2014-11-17,14.3,13.9
2014-11-18,13.9,13.3
2014-11-19,13.35,13.25
2014-11-20,13.3,13.5
2014-11-21,13.5,13.4
2014-11-24,13.5,13.5
2014-11-25,13.45,13.2
2014-11-26,13.3,13.25
2014-11-27,13.3,13.1
2014-11-28,13.35,13.5
2014-12-01,13.35,13.45
2014-12-02,13.5,13.4
2014-12-03,13.55,13.65
2014-12-04,13.75,13.9
2014-12-05,14,14
2014-12-08,14.2,14.25
2014-12-09,14.3,14.05
2014-12-10,14.05,13.75
2014-12-11,13.8,13.8
2014-12-12,13.95,13.9
2014-12-15,14.05,14.3
2014-12-16,14.5,14.2
2014-12-17,14.2,14
2014-12-18,14.3,14.65
2014-12-19,14.9,15.6
2014-12-22,15.6,15.6
2014-12-23,15.9,15.95
2014-12-24,16.15,16
2014-12-25,16.15,15.95
2014-12-26,15.9,15.8
2014-12-29,16,16.2
2014-12-30,16.4,16.75
2014-12-31,16.75,16.85
2015-01-05,16.95,16.85
2015-01-06,16.85,16.65
2015-01-07,16.8,17.15
2015-01-08,17.3,16.8
2015-01-09,17,17.15
2015-01-12,17.2,17
2015-01-13,17.25,17.05
2015-01-14,17.3,17.3
2015-01-15,17.3,16.85
2015-01-16,16.9,16.9
2015-01-19,16.95,16.5
2015-01-20,16.75,16.8
2015-01-21,17,16.9
2015-01-22,16.95,17
2015-01-23,17,16.8
2015-01-26,17,17.35
2015-01-27,17.6,17.5
2015-01-28,17.25,17.3
2015-01-29,17.5,16.9
2015-01-30,16.95,16.9
2015-02-02,16.7,16.2
2015-02-03,16.2,16.3
2015-02-04,16.15,16.05
2015-02-05,16.2,16.35
2015-02-06,16.3,16.3
2015-02-09,16.3,16.25
2015-02-10,16.15,16.1
2015-02-11,16.3,16
2015-02-12,16.15,16.3
2015-02-13,16.3,16.25
2015-02-24,16.4,16.2
2015-02-25,16.3,16.9
2015-02-26,16.8,17
2015-03-02,17.25,17.5
2015-03-03,17.65,17.4
2015-03-04,17.4,17.1
2015-03-05,17.2,16.95
2015-03-06,16.95,17.2
2015-03-09,17.2,17.1
2015-03-11,17.2,17.7
2015-03-12,17.7,18.25
2015-03-13,18.4,18.15
2015-03-16,18.35,18.25
2015-03-17,18.5,18.3
2015-03-18,18.5,19.05
2015-03-19,19.1,18.75
2015-03-20,18.95,18.6
2015-03-23,18.6,18.55
2015-03-24,18.65,19
2015-03-25,19,18.5
2015-03-26,17.9,17.3
2015-03-30,17.5,17.45
2015-03-31,17.7,18
2015-04-01,18,17.8
2015-04-02,17.6,17.75
2015-04-07,17.7,18.15
2015-04-08,18.2,18.2
2015-04-09,18.3,18.05
2015-04-10,18.15,17.8
2015-04-13,18,18.25
2015-04-14,18.25,18.3
2015-04-15,18.3,17.75
2015-04-16,17.65,17.7
2015-04-17,18,17.45
2015-04-21,16.8,16.65
2015-04-22,16.7,17
2015-04-23,17.1,16.9
2015-04-24,16.8,16
2015-04-27,16.1,15.6
2015-04-28,15.6,15.9
2015-04-29,16,15.9
2015-04-30,15.9,16.05
2015-05-04,16.05,15.75
2015-05-05,15.75,15.9
2015-05-06,15.6,15
2015-05-07,14.9,14.65
2015-05-11,15.15,14.7
2015-05-12,14.6,14.75
2015-05-13,14.75,14.8
2015-05-14,14.95,14.85
2015-05-15,14.9,14.5
2015-05-18,13.85,13.5
2015-05-19,13.15,13.3
2015-05-20,13.4,13.1
2015-05-21,13,12.4
2015-05-22,12.35,12.45
2015-05-25,12.5,12.65
2015-05-27,12.55,12.4
2015-05-28,12.55,12.4
2015-05-29,12.4,12.45
2015-06-01,12.4,12.25
2015-06-02,12.2,12.1
2015-06-03,12.1,11.9
2015-06-04,11.9,11.5
2015-06-05,11.55,11.3
2015-06-08,11.25,11.1
2015-06-09,11,10.2
2015-06-10,10.2,11.2
2015-06-11,11.3,11
2015-06-12,10.95,10.65
2015-06-15,10.65,10.35
2015-06-16,10.4,10.45
2015-06-17,10.45,10.45
2015-06-18,10.45,10.9
2015-06-22,11,10.85
2015-06-23,10.85,10.7
2015-06-24,10.8,10.8
2015-06-25,10.8,10.9
2015-06-26,10.95,10.85
2015-06-29,10.7,10.6
2015-06-30,10.65,10.8
2015-07-01,10.85,11.15
2015-07-02,11.2,11
2015-07-03,11.1,11
2015-07-06,11,11.55
2015-07-07,11.95,12
2015-07-08,12.05,11.5
2015-07-09,11.3,11.25
2015-07-13,11.7,11.3
2015-07-14,11.4,11.4
2015-07-15,11.55,12.05
2015-07-16,12.2,12.05
2015-07-17,12.05,11.85
2015-07-20,11.85,11.5
2015-07-21,11.55,11.7
2015-07-22,11.7,11.6
2015-07-23,11.55,11.55
2015-07-24,11.6,11.55
2015-07-27,11.45,11.05
2015-07-28,11,10.75
2015-07-29,10.75,10.9
2015-07-30,10.9,10.9
2015-07-31,10.9,10.85
2015-08-03,11.05,11.2
2015-08-05,10.95,11.1
2015-08-06,11.2,10.9
2015-08-07,10.85,10.9
2015-08-10,11.05,11.25
2015-08-11,11.3,11.15
2015-08-12,11.05,10.95
2015-08-13,10.95,10.85
2015-08-14,10.85,10.8
2015-08-17,10.85,10.8
2015-08-18,10.85,10.7
2015-08-19,10.7,10.25
2015-08-20,10.25,10.4
2015-08-21,10.25,10.2
2015-08-24,10,9.2
2015-08-25,8.5,9.62
2015-08-26,9.4,9.68
2015-08-27,9.88,9.95
2015-08-28,10.1,10.9
2015-08-31,10.8,10.45
2015-09-01,10.3,10.25
2015-09-02,10.15,10.05
2015-09-03,10.15,10.1
2015-09-04,10.1,9.85
2015-09-07,9.8,9.9
2015-09-08,9.9,9.92
2015-09-09,10.15,10.25
2015-09-10,10.25,10.55
2015-09-11,10.55,10.35
2015-09-14,10.4,10.35
2015-09-15,10.35,10.3
2015-09-16,10.4,10.25
2015-09-17,10.35,10.35
2015-09-18,10.4,10.2
2015-09-21,10.2,10.1
2015-09-22,10.15,10.05
2015-09-23,10,9.92
2015-09-24,10,9.76
2015-09-25,9.76,9.59
2015-09-30,9.51,9.51
2015-10-01,9.6,9.83
2015-10-02,9.83,9.76
2015-10-05,9.83,9.78
2015-10-06,9.88,9.89
2015-10-07,9.89,9.98
2015-10-08,10.05,9.89
2015-10-12,9.93,10
2015-10-13,10.05,10.1
2015-10-14,10.05,10.1
2015-10-15,10.2,10.15
2015-10-16,10.2,10.1
2015-10-19,10.1,10.05
2015-10-20,10.1,10.1
2015-10-21,10.1,9.99
2015-10-22,9.95,9.99
2015-10-23,10.1,10.05
2015-10-26,10.15,10.15
2015-10-27,10.1,10.15
2015-10-28,10.15,10.05
2015-10-29,10.05,9.95
2015-10-30,10,9.89
2015-11-02,9.84,9.93
2015-11-03,10,10
2015-11-04,10.05,10.1
2015-11-05,10.1,10.05
2015-11-06,10.05,9.85
2015-11-09,9.85,9.69
2015-11-10,9.6,9.5
2015-11-11,9.5,9.26
2015-11-12,9.26,9.24
2015-11-13,9.06,9.05
2015-11-16,8.4,8.81
2015-11-17,8.82,9.12
2015-11-18,9.23,9.01
2015-11-19,9.04,8.96
2015-11-20,8.97,8.72
2015-11-23,8.77,8.64
2015-11-24,8.75,8.72
2015-11-25,8.75,8.54
2015-11-26,8.54,8.82
2015-11-27,8.65,8.46
2015-11-30,8.43,8.1
2015-12-01,8.14,8.12
2015-12-02,8.2,8.14
2015-12-03,8.14,8.06
2015-12-04,8,8.01
2015-12-07,8.06,8.03
2015-12-08,8.02,7.81
2015-12-09,7.8,8.02
2015-12-10,8.07,7.89
2015-12-11,7.93,7.84
2015-12-14,7.7,7.52
2015-12-15,7.6,7.56
2015-12-16,7.69,7.87
2015-12-17,8.05,8.24
2015-12-18,8.28,8.11
2015-12-21,8.09,8.35
2015-12-22,8.36,8.23
2015-12-23,8.29,8.17
2015-12-24,8.21,8.29
2015-12-25,8.35,8.68
2015-12-28,8.72,8.77
2015-12-29,8.88,8.55
2015-12-30,8.68,8.67
2015-12-31,8.74,8.69
2016-01-04,8.81,8.32
2016-01-05,8.31,8.25
2016-01-06,8.39,8.2
2016-01-07,8.21,7.93
2016-01-08,7.93,7.99
2016-01-11,8,7.81
2016-01-12,7.89,7.71
2016-01-13,7.76,7.72
2016-01-14,7.67,7.67
2016-01-15,7.8,7.61
2016-01-18,7.5,7.94
2016-01-19,8.02,7.89
2016-01-20,7.89,7.7
2016-01-21,7.73,7.69
2016-01-22,7.82,7.73
2016-01-25,7.86,7.79
2016-01-26,7.78,7.8
2016-01-27,7.83,7.77
2016-01-28,7.77,7.9
2016-01-29,8,7.88
2016-02-01,8.25,8.11
2016-02-02,8.09,8.1
2016-02-15,7.85,7.97
2016-02-16,8,8.15
2016-02-17,8.15,8.06
2016-02-18,8.1,8.07
2016-02-19,8.07,8.37
2016-02-22,8.43,8.41
2016-02-23,8.48,8.51
2016-02-24,8.51,8.69
2016-02-25,8.75,8.62
2016-02-26,8.63,8.8
2016-03-01,8.86,8.76
2016-03-02,8.87,8.93
2016-03-03,9,8.93
2016-03-04,8.99,9.03
2016-03-07,9.04,9.19
2016-03-08,9.24,9.43
2016-03-09,9.43,9.13
2016-03-10,9.14,9.1
2016-03-11,9.05,9
2016-03-14,9.08,9.02
2016-03-15,9.07,8.66
2016-03-16,8.68,8.83
2016-03-17,8.91,8.84
2016-03-18,8.85,8.78
2016-03-21,8.78,8.67
2016-03-22,8.67,8.6
2016-03-23,8.61,8.56
2016-03-24,8.56,8.55
2016-03-25,8.57,8.62
2016-03-28,8.6,8.68
2016-03-29,8.7,8.55
2016-03-30,8.57,8.54
2016-03-31,8.56,8.57
2016-04-01,8.57,8.47
2016-04-06,8.47,8.28
2016-04-07,8.25,8.3
2016-04-08,8.25,8.53
2016-04-11,8.6,8.6
2016-04-12,8.65,8.72
2016-04-13,8.8,8.72
2016-04-14,8.75,8.83
2016-04-15,8.87,8.76
2016-04-19,8.7,8.48
2016-04-20,8.5,8.3
2016-04-21,8.33,8.29
2016-04-22,8.29,8.3
2016-04-25,8.3,8.29
2016-04-26,8.41,8.61
2016-04-27,8.75,8.89
2016-04-28,8.84,8.7
2016-04-29,8.68,8.53
2016-05-03,8.67,8.4
2016-05-04,8.4,8.2
2016-05-05,8.2,8.12
2016-05-06,8.11,8.28
2016-05-09,8.3,8.1
2016-05-11,8.08,8
2016-05-12,8,7.9
2016-05-13,7.9,7.79
2016-05-16,7.77,7.89
2016-05-17,7.8,7.82
2016-05-18,7.84,7.73
2016-05-19,7.73,7.65
2016-05-20,7.65,7.65
2016-05-23,7.65,7.67
2016-05-24,7.88,7.75
2016-05-25,7.81,7.84
2016-05-27,7.73,7.74
2016-05-30,7.74,7.77
2016-05-31,7.77,7.79
2016-06-01,7.78,7.9
2016-06-02,7.91,7.89
2016-06-03,7.88,7.8
2016-06-06,7.8,7.76
2016-06-07,7.79,7.76
2016-06-08,7.76,7.8
2016-06-14,7.67,7.64
2016-06-15,7.64,7.64
2016-06-16,7.64,7.62
2016-06-17,7.67,7.59
2016-06-20,7.66,7.65
2016-06-21,7.68,7.65
2016-06-22,7.65,7.89
2016-06-23,7.89,7.89
2016-06-24,7.82,7.75
2016-06-27,7.66,7.72
2016-06-28,7.69,7.71
2016-06-29,7.72,7.73
2016-06-30,7.82,7.85
2016-07-04,7.81,7.85
2016-07-05,7.8,7.77
2016-07-06,7.75,7.67
2016-07-07,7.7,7.66
2016-07-11,7.7,7.68
2016-07-12,7.7,7.67
2016-07-13,7.67,7.65
2016-07-14,7.65,7.71
2016-07-15,7.75,7.68
2016-07-18,7.68,7.67
2016-07-20,7.67,7.62
2016-07-21,7.64,7.7
2016-07-22,7.7,7.63
2016-07-25,7.63,7.59
2016-07-26,7.59,7.54
2016-07-27,7.55,7.51
2016-07-28,7.51,7.39
2016-07-29,7.4,7.31
2016-08-01,7.34,7.48
2016-08-02,7.48,7.4
2016-08-03,7.34,7.35
2016-08-05,7.34,7.38
2016-08-08,7.39,7.35
2016-08-09,7.35,7.35
2016-08-10,7.35,7.38
2016-08-11,7.39,7.39
2016-08-12,7.4,7.38
2016-08-15,7.38,7.34
2016-08-16,7.3,7.33
2016-08-17,7.31,7.22
2016-08-18,7.2,7.11
2016-08-19,7.11,7.03
2016-08-23,7.09,7.22
2016-08-24,7.25,7.18
2016-08-25,7.18,7.2
2016-08-26,7.2,7.21
2016-08-29,7.22,7.2
2016-08-30,7.2,7.12
2016-08-31,7.09,7.3
2016-09-01,7.36,7.87
2016-09-02,7.96,7.55
2016-09-05,7.7,7.38
2016-09-06,7.38,7.32
2016-09-08,7.3,7.17
2016-09-09,7.2,7.18
2016-09-12,7.16,7.07
2016-09-13,7.08,7.05
2016-09-14,7.16,7.1
2016-09-19,7.13,7.09
2016-09-20,7.11,7.14
2016-09-21,7.15,7.12
2016-09-22,7.15,7.15
2016-09-26,7.2,7.13
2016-09-29,7.15,7.09
2016-09-30,7.1,7.1
2016-10-03,7.17,7.1
2016-10-04,7.1,7.1
2016-10-05,7.1,7.07
2016-10-06,7.07,7.08
2016-10-07,7.08,7.08
2016-10-12,6.99,6.94
2016-10-13,6.9,6.9
2016-10-14,6.86,6.82
2016-10-17,6.83,6.68
2016-10-18,6.68,6.76
2016-10-19,6.83,6.77
2016-10-20,6.79,7.1
2016-10-21,7.15,7.03
2016-10-24,7.07,7.09
2016-10-25,7.09,7.01
2016-10-26,7.01,7.01
2016-10-28,7,6.97
2016-10-31,6.94,7.01
2016-11-01,7.01,7
2016-11-02,7,6.94
2016-11-03,6.85,6.77
2016-11-04,6.7,6.8
2016-11-07,6.82,6.85
2016-11-08,6.17,6.17
2016-11-09,5.73,5.56
2016-11-10,5.82,5.71
2016-11-11,5.71,5.66
2016-11-14,5.64,6.06
2016-11-15,6.06,5.92
2016-11-16,6.12,6.03
2016-11-17,6.1,6.05
2016-11-18,6.11,6.11
2016-11-21,6.12,6.04
2016-11-22,6.06,5.94
2016-11-23,5.95,5.76
2016-11-24,5.76,5.7
2016-11-25,5.72,5.78
2016-11-28,5.8,5.74
2016-11-29,5.74,5.75
2016-11-30,5.76,5.75
2016-12-01,5.75,5.68
2016-12-02,5.7,5.6
2016-12-05,5.6,5.4
2016-12-06,5.36,5.09
2016-12-07,5.09,5.13
2016-12-08,5.16,5.11
2016-12-09,5.11,5.02
2016-12-12,5.05,5.02
2016-12-13,5.01,4.72
2016-12-14,4.65,4.43
2016-12-15,4.43,4.87
2016-12-16,4.93,4.95
2016-12-19,5.06,4.96
2016-12-20,4.94,4.71
2016-12-21,4.72,4.69
2016-12-22,4.75,4.66
2016-12-23,4.7,4.78
2016-12-26,4.88,4.81
2016-12-27,4.86,4.78
2016-12-28,4.78,4.67
2016-12-29,4.69,4.66
2016-12-30,4.68,4.82
2017-01-03,4.94,4.93
2017-01-04,4.95,4.89
2017-01-06,4.98,5.01
2017-01-09,5.05,4.98
2017-01-10,5,5.01
2017-01-11,5.02,5.18
2017-01-12,5.25,5.37
2017-01-13,5.47,5.52
2017-01-16,5.6,5.31
2017-01-17,5.31,5.35
2017-01-18,5.35,5.43
2017-01-19,5.52,5.58
2017-01-20,5.6,5.55
2017-01-23,5.74,5.58
2017-01-24,5.58,5.59
2017-02-02,5.6,5.74
2017-02-03,5.79,6.28
2017-02-06,6.29,6.35
2017-02-07,6.35,6.13
2017-02-08,6.09,5.91
2017-02-09,5.91,5.81
2017-02-10,5.81,5.83
2017-02-13,5.96,5.82
2017-02-14,5.83,5.68
2017-02-15,5.72,6.02
2017-02-16,6.1,5.93
2017-02-17,6,5.99
2017-02-20,6.25,6.6
2017-02-21,6.8,6.99
2017-02-22,7.2,6.92
2017-02-23,6.92,6.76
2017-02-24,6.82,6.94
2017-03-01,7,7.36
2017-03-02,7.55,7.42
2017-03-03,7.42,7.33
2017-03-06,7.4,7.4
2017-03-07,7.4,7.35
2017-03-08,7.47,7.47
2017-03-09,7.6,7.38
2017-03-10,7.42,7.19
2017-03-13,7.3,7.21
2017-03-14,7.21,7.13
2017-03-15,7.2,7.16
2017-03-16,7.33,7.19
2017-03-17,7.2,7.07
2017-03-20,7.07,7.05
2017-03-21,7.07,6.99
2017-03-22,6.96,6.88
2017-03-23,6.88,6.81
2017-03-24,6.83,6.9
2017-03-27,6.87,6.63
2017-03-28,6.63,6.57
2017-03-29,6.6,6.88
2017-03-30,7.03,6.91
2017-03-31,6.95,6.99
2017-04-06,7.1,7.05
2017-04-07,7.1,7.17
2017-04-10,7.27,7.09
2017-04-11,7.09,6.86
2017-04-12,6.8,6.95
2017-04-13,6.95,6.81
2017-04-14,6.75,6.6
2017-04-17,6.5,6.25
2017-04-18,6.25,6.3
2017-04-19,6.29,6.15
2017-05-04,13.95,13.3
2017-05-05,13.4,12.8
2017-05-08,12.8,11.9
2017-05-09,11.7,11.05
2017-05-11,11.5,11.7
2017-05-12,11.8,11.4
2017-05-15,11.5,11.45
2017-05-16,11.55,11.45
2017-05-17,11.45,11.5
2017-05-18,11.35,11.45
2017-05-19,11.7,11.7
2017-05-22,11.75,11.55
2017-05-23,11.8,11.6
2017-05-24,11.6,11.5
2017-05-25,11.6,12.6
2017-05-31,12.75,12.95
2017-06-01,13,13.1
2017-06-02,13.2,12.85
2017-06-05,12.9,12.85
2017-06-06,13.2,12.9
2017-06-07,12.85,12.75
2017-06-08,12.8,12.75
2017-06-09,12.85,12.75
2017-06-12,12.8,12.6
2017-06-13,13.05,12.8
2017-06-14,12.8,12.35
2017-06-16,12.45,12.25
2017-06-19,12.2,12.15
2017-06-20,12.2,12.5
2017-06-21,12.5,12.55
2017-06-22,12.65,12.5
2017-06-23,12.6,12.4
2017-06-26,12.5,12.45
2017-06-27,12.45,12.4
2017-06-28,12.4,12.25
2017-06-29,12.3,12.55
2017-06-30,12.6,12.55
2017-07-04,13.25,13.6
2017-07-05,13.85,13.35
2017-07-06,13.55,13.4
2017-07-07,13.35,13.2
2017-07-10,13.35,13.65
2017-07-11,13.55,13.5
2017-07-12,13.5,13.5
2017-07-13,13.65,13.9
2017-07-14,13.85,13.75
2017-07-17,13.65,13.35
2017-07-18,13.4,13.55
2017-07-19,13.5,13.4
2017-07-20,13.45,13.3
2017-07-21,13.35,13.4
2017-07-24,13.4,13.45
2017-07-25,13.45,13.35
2017-07-26,13.35,13.2
2017-07-27,13.1,13.25
2017-07-28,13.2,13.25
2017-07-31,13.3,13.45
2017-08-01,13.5,13.35
2017-08-02,13.45,13.6
2017-08-03,13.6,13.6
2017-08-04,13.7,13.7
2017-08-07,13.7,13.75
2017-08-08,13.8,14.2
2017-08-09,14.2,14.3
2017-08-10,14.3,13.7
2017-08-11,13.55,13.9
2017-08-14,14.3,14.2
2017-08-15,14.55,14.85
2017-08-16,14.9,15.65
2017-08-17,15.95,15.8
2017-08-18,15.6,16.25
2017-08-21,16.25,16.8
2017-08-22,16.8,16.65
2017-08-23,16.65,16.9
2017-08-24,16.9,17
2017-08-25,17,16.9
2017-08-28,17,16.3
2017-08-29,16.4,16.55
2017-08-30,16.7,17
2017-08-31,17,16.75
2017-09-01,16.75,16.45
2017-09-04,16.4,16.2
2017-09-06,16.1,15.85
2017-09-07,15.9,15.9
2017-09-08,15.9,15.95
2017-09-11,16.1,15.6
2017-09-12,15.9,15.3
2017-09-13,15.3,14.9
2017-09-14,14.95,14.75
2017-09-15,14.7,14.7
2017-09-18,14.6,14.7
2017-09-19,14.85,15.15
2017-09-20,15.4,14.8
2017-09-22,14.8,14.3
2017-09-25,14.1,13.05
2017-09-26,13.05,13.15
2017-09-27,13.2,13.3
2017-09-28,13.4,13.15
2017-09-29,12.7,12.6
2017-10-02,12.8,12.65
2017-10-03,12.75,12.65
2017-10-05,12.7,12.7
2017-10-06,12.75,12.85
2017-10-11,12.85,12.55
2017-10-12,12.6,12.3
2017-10-13,12.35,12.5
2017-10-17,12.45,12.3
2017-10-18,12.3,12.25
2017-10-19,12.35,12.25
2017-10-20,12.25,12.3
2017-10-23,12.45,12.45
2017-10-24,12.45,12.55
2017-10-25,12.65,12.45
2017-10-26,12.45,12.35
2017-10-27,12.4,12.35
2017-10-30,12.5,12.35
2017-10-31,12.45,12.35
2017-11-02,12.25,12.25
2017-11-03,12.2,12.2
2017-11-06,12.2,12.15
2017-11-07,12.1,12.05
2017-11-08,12.05,12.1
2017-11-09,12.2,12.2
2017-11-10,12.4,12.2
2017-11-13,12.3,12.15
2017-11-14,12.25,12.1
2017-11-15,12.15,12.05
2017-11-16,12.1,12.05
2017-11-20,12.05,12
2017-11-21,12.05,12.05
2017-11-22,12.15,12.15
2017-11-23,12.15,12.15
2017-11-24,12.15,12.15
2017-11-27,12.2,12.15
2017-11-28,12.25,12.55
2017-11-29,12.5,12.3
2017-11-30,12.2,12
2017-12-01,12.05,12
2017-12-04,12,11.95
2017-12-05,12,11.8
2017-12-06,11.85,11.4
2017-12-07,11.4,11.3
2017-12-08,11.35,11.2
2017-12-11,11.3,11.5
2017-12-12,11.3,11.25
2017-12-13,11.35,11.45
2017-12-14,11.55,11.4
2017-12-15,11.45,11.4
2017-12-18,11.4,11.25
2017-12-19,11.3,11.35
2017-12-20,11.35,11.25
2017-12-21,11.3,11.3
2017-12-22,11.3,11.3
2017-12-25,11.35,11.25
2017-12-26,11.3,11.2
2017-12-27,11.2,11.2
2017-12-28,11.25,11.5
2017-12-29,11.5,11.5
2018-01-02,11.6,12.4
2018-01-03,12.4,12.15
2018-01-04,12.15,12.15
2018-01-05,12.3,12.3
2018-01-08,12.35,12.35
2018-01-09,12.3,12.2
2018-01-10,12.2,12
2018-01-11,12,11.9
2018-01-12,12,12
2018-01-15,12.1,12
2018-01-16,12.05,11.95
2018-01-17,11.95,11.9
2018-01-18,12,11.9
2018-01-19,11.9,11.8
2018-01-23,11.75,11.6
2018-01-24,11.65,11.9
2018-01-25,11.9,11.7
2018-01-26,11.7,11.7
2018-01-29,11.8,11.7
2018-01-30,11.7,11.6
2018-01-31,11.6,11.6
2018-02-01,11.6,11.65
2018-02-02,11.65,11.55
2018-02-05,11.4,11.4
2018-02-06,11.2,10.6
2018-02-08,10.55,10.2
2018-02-09,9.5,9.8
2018-02-12,9.9,9.82
2018-02-21,10,10.15
2018-02-22,10.1,10.15
2018-02-26,10.2,10.15
2018-02-27,10.35,10.4
2018-03-01,10.4,11.3
2018-03-02,11.2,11.05
2018-03-05,11.1,10.9
2018-03-06,11,10.7
2018-03-07,10.7,10.6
2018-03-08,10.65,10.65
2018-03-09,10.75,10.9
2018-03-12,11,11.2
2018-03-13,11.2,11.05
2018-03-14,11.05,10.95
2018-03-16,10.95,10.8
2018-03-19,10.85,10.95
2018-03-20,10.95,10.9
2018-03-21,10.9,10.8
2018-03-22,10.85,10.7
2018-03-23,10.25,10.4
2018-03-26,10.45,10.35
2018-03-27,10.6,10.45
2018-03-28,10.55,10.4
2018-03-29,10.4,10.4
2018-03-30,10.45,10.45
2018-04-02,10.55,10.4
2018-04-03,10.35,10.4
2018-04-09,10.4,10.35
2018-04-10,10.35,10.35
2018-04-11,10.4,10.35
2018-04-12,10.4,10.35
2018-04-13,10.4,10.6
2018-04-16,10.65,10.55
2018-04-17,10.55,10.35
2018-04-18,10.4,10.35
2018-04-19,10.4,10.45
2018-04-20,10.45,10.35
2018-04-23,10.35,10.2
2018-04-24,10.25,10.1
2018-04-25,10.05,10.05
2018-04-26,10.1,10.05
2018-04-27,10.15,10.05
2018-04-30,10.15,10.3
2018-05-02,10.35,10.3
2018-05-03,10.3,10.4
2018-05-04,10.4,10.35
2018-05-07,10.4,10.4
2018-05-08,10.4,10.4
2018-05-09,10.45,10.35
2018-05-10,10.45,10.35
2018-05-11,10.4,10.3
2018-05-14,10,9.61
2018-05-15,9.62,9.62
2018-05-16,9.62,9.5
2018-05-17,9.5,9.29
2018-05-18,9.28,9.17
2018-05-21,9.19,9.19
2018-05-22,9.29,9.42
2018-05-23,9.4,9.41
2018-05-24,9.38,9.37
2018-05-25,9.35,9.38
2018-05-28,9.38,9.75
2018-05-29,9.7,9.48
2018-05-30,9.49,9.42
2018-05-31,9.43,9.49
2018-06-01,9.46,9.49
2018-06-04,9.47,9.42
2018-06-05,9.43,9.42
2018-06-06,9.45,9.45
2018-06-07,9.46,9.66
2018-06-08,9.66,9.6
2018-06-11,9.6,9.61
2018-06-12,9.61,9.88
2018-06-13,9.88,9.79
2018-06-14,9.9,9.89
2018-06-15,9.94,9.76
2018-06-19,9.69,9.78
2018-06-20,9.8,9.69
2018-06-21,9.69,9.55
2018-06-22,9.55,9.47
2018-06-25,9.48,9.33
2018-06-26,9.28,9.22
2018-06-27,9.21,8.98
2018-06-28,8.85,8.8
2018-06-29,8.83,9
2018-07-02,9.06,9.1
2018-07-03,9.09,8.9
2018-07-04,8.88,8.9
2018-07-05,9.05,8.79
2018-07-06,8.8,8.73
2018-07-10,8.8,8.93
2018-07-11,8.88,8.97
2018-07-12,8.98,8.94
2018-07-13,8.99,8.97
2018-07-16,9,8.97
2018-07-17,8.97,9.01
2018-07-18,9.01,9.05
2018-07-19,9.09,9.09
2018-07-20,9.09,9.14
2018-07-23,9.15,9.11
2018-07-24,9.11,9.38
2018-07-26,9.26,9.28
2018-07-27,9.28,9.19
2018-07-30,9.18,9.14
2018-07-31,9.15,9.18
2018-08-01,9.23,9.28
2018-08-02,9.27,9.13
2018-08-03,9.2,9.2
2018-08-06,9.25,9.27
2018-08-07,9.35,9.3
2018-08-08,9.32,9.31
2018-08-09,9.31,9.27
2018-08-10,9.32,9.08
2018-08-13,8.83,8.62
2018-08-14,8.53,8.63
2018-08-15,8.63,8.5
2018-08-16,8.4,8.41
2018-08-17,8.47,8.36
2018-08-20,8.39,8.57
2018-08-21,8.67,8.69
2018-08-22,8.82,8.79
2018-08-23,8.76,8.96
2018-08-24,8.9,8.85
2018-08-27,8.85,8.82
2018-08-28,8.84,8.88
2018-08-29,8.88,8.91
2018-08-30,8.95,8.85
2018-08-31,8.85,8.84
2018-09-03,8.84,8.76
2018-09-04,8.76,8.68
2018-09-05,8.68,8.64
2018-09-06,8.64,8.56
2018-09-07,8.55,8.6
2018-09-10,8.6,8.45
2018-09-11,8.45,8.68
2018-09-12,8.68,8.55
2018-09-13,8.55,8.59
2018-09-14,8.59,8.82
2018-09-17,8.8,8.75
2018-09-18,8.74,8.77
2018-09-19,8.77,8.77
2018-09-20,8.77,8.69
2018-09-21,8.72,8.72
2018-09-25,8.7,8.65
2018-09-26,8.65,8.65
2018-09-28,8.88,8.73
2018-10-01,8.73,8.71
2018-10-02,8.71,8.62
2018-10-03,8.62,8.59
2018-10-04,8.59,8.51
2018-10-05,8.51,8.45
2018-10-08,8.4,8.41
2018-10-09,8.38,8.38
2018-10-11,8.1,7.58
2018-10-15,7.43,7.56
2018-10-16,7.6,7.47
2018-10-17,7.56,7.61
2018-10-18,7.62,8.37
2018-10-19,8.36,8.72
2018-10-22,8.72,8.9
2018-10-23,8.82,8.66
2018-10-24,8.67,8.68
2018-10-25,8.41,8.38
2018-10-26,8.62,8.35
2018-10-29,8.36,8.09
2018-10-30,8.15,8.3
2018-10-31,8.31,8.54
2018-11-02,8.55,8.45
2018-11-05,8.48,8.46
2018-11-06,8.46,8.38
2018-11-07,8.38,8.36
2018-11-08,8.42,8.47
2018-11-09,8.5,8.31
2018-11-12,8.31,8.3
2018-11-13,8.21,8.27
2018-11-14,8.34,8.3
2018-11-15,8.3,8.27
2018-11-16,8.31,8.4
2018-11-19,8.4,8.45
2018-11-20,8.45,8.39
2018-11-21,8.4,8.56
2018-11-22,8.57,8.48
2018-11-23,8.48,8.44
2018-11-26,8.7,8.63
2018-11-27,8.7,9
2018-11-28,9.05,9.19
2018-11-29,9.18,8.94
2018-11-30,8.94,9.04
2018-12-03,9.14,9
2018-12-04,9,9.06
2018-12-05,8.96,9
2018-12-06,9,8.82
2018-12-07,8.88,8.89
2018-12-10,8.85,8.68
2018-12-11,8.81,8.93
2018-12-12,9,8.93
2018-12-13,8.95,9
2018-12-14,8.95,8.99
2018-12-17,9,9.41
2018-12-18,9.37,9.21
2018-12-19,9.27,9.3
2018-12-20,9.3,9.12
2018-12-21,9.18,9.11
2018-12-24,8.97,8.98
2018-12-25,8.97,8.72
2018-12-26,8.78,8.66
2018-12-27,8.75,8.75
2018-12-28,8.75,8.8
2019-01-02,8.81,8.81
2019-01-03,8.8,8.8
2019-01-04,8.76,8.6
2019-01-07,8.68,8.7
2019-01-08,8.73,8.8
2019-01-09,8.88,8.87
2019-01-10,8.87,8.86
2019-01-11,8.82,8.87
2019-01-14,8.88,8.68
2019-01-15,8.63,8.75
2019-01-16,8.74,8.75
2019-01-17,8.8,8.75
2019-01-18,8.76,8.81
2019-01-21,8.85,8.88
2019-01-22,8.86,8.89
2019-01-23,8.88,8.89
2019-01-24,8.9,8.95
2019-01-25,8.95,8.96
2019-01-28,8.97,8.99
2019-01-29,8.98,8.98
2019-01-30,8.98,8.94
2019-02-11,8.93,8.81
2019-02-12,8.81,8.86
2019-02-13,8.86,8.83
2019-02-14,8.85,8.82
2019-02-15,8.85,8.82
2019-02-18,8.82,8.86
2019-02-19,8.86,8.86
2019-02-20,8.86,8.85
2019-02-22,8.95,8.95
2019-02-25,9,9.12
2019-02-26,9.12,9.19
2019-02-27,9.21,9.23
2019-03-04,9.23,9.24
2019-03-05,9.2,9.15
2019-03-06,9.13,9.1
2019-03-07,8.96,8.99
2019-03-08,8.99,8.96
2019-03-12,8.97,8.98
2019-03-13,8.98,8.92
2019-03-14,8.92,8.87
2019-03-15,8.86,8.8
2019-03-18,8.81,8.82
2019-03-19,8.82,8.82
2019-03-20,8.82,8.83
2019-03-21,8.8,8.83
2019-03-22,8.9,8.84
2019-03-25,8.8,8.66
2019-03-26,8.66,8.63
2019-03-27,8.6,8.58
2019-03-28,8.58,8.61
2019-03-29,8.6,8.65
2019-04-01,8.65,8.6
2019-04-02,8.61,8.61
2019-04-03,8.61,8.64
2019-04-08,8.67,8.7
2019-04-10,8.68,8.68
2019-04-11,8.69,8.75
2019-04-12,8.76,8.73
2019-04-15,8.74,8.83
2019-04-16,8.8,8.82
2019-04-17,8.82,8.9
2019-04-18,8.9,8.81
2019-04-19,8.81,8.89
2019-04-22,8.95,8.93
2019-04-23,8.95,8.9
2019-04-24,8.9,8.81
2019-04-26,8.84,8.79
2019-04-29,8.79,8.73
2019-04-30,8.73,8.77
2019-05-02,8.82,8.87
2019-05-03,8.95,8.9
2019-05-06,8.84,8.74
2019-05-07,8.77,8.7
2019-05-08,8.65,8.64
2019-05-09,8.65,8.52
2019-05-10,8.52,8.48
2019-05-14,8.4,8.3
2019-05-15,8.33,8.3
2019-05-16,8.3,8.12
2019-05-17,8.19,7.96
2019-05-20,7.99,7.97
2019-05-21,8,8.2
2019-05-22,8.2,8.2
2019-05-23,8.2,8.06
2019-05-24,8.09,8.04
2019-05-27,8.02,8.01
2019-05-28,8.01,8.06
2019-05-30,8.01,8.01
2019-05-31,8.1,8.13
2019-06-03,8.1,8.03
2019-06-04,8.03,8
2019-06-05,8.06,8
2019-06-06,8,7.97
2019-06-10,7.98,7.97
2019-06-11,7.98,8
2019-06-12,8,7.99
2019-06-13,8,7.98
2019-06-14,7.99,8.09
2019-06-17,8.1,8.08
2019-06-18,8.08,8.11
2019-06-19,8.12,8.17
2019-06-20,8.19,8.25
2019-06-21,8.3,8.15
2019-06-24,8.22,8.21
2019-06-25,8.19,8.15
2019-06-26,8.14,8.15
2019-06-27,8.15,8.14
2019-06-28,8.12,8.16
2019-07-01,8.21,8.16
2019-07-02,8.2,8.2
2019-07-03,8.23,8.17
2019-07-04,8.22,8.54
2019-07-05,8.7,8.51
2019-07-08,8.53,8.45
2019-07-09,8.45,8.4
2019-07-10,8.41,8.45
2019-07-11,8.7,8.72
2019-07-12,8.72,8.7
2019-07-15,8.7,8.68
2019-07-16,8.68,8.89
2019-07-17,8.87,9
2019-07-18,9.01,9.01
2019-07-19,9.01,9.09
2019-07-22,9.11,9.16
2019-07-23,9.18,8.98
2019-07-24,8.98,8.9
2019-07-25,8.88,8.98
2019-07-26,8.95,8.94
2019-07-29,8.94,8.88
2019-07-30,8.85,8.86
2019-07-31,8.81,8.73
2019-08-01,8.67,8.69
2019-08-02,8.57,8.48
2019-08-05,8.4,8.35
2019-08-06,8.21,8.37
2019-08-07,8.35,8.37
2019-08-08,8.35,8.45
2019-08-12,8.4,8.43
2019-08-13,8.29,8.17
2019-08-14,8.21,8.05
2019-08-15,8,7.9
2019-08-16,7.9,8.1
2019-08-19,8.1,8.04
2019-08-20,8.06,7.97
2019-08-21,7.93,8
2019-08-22,8,7.99
2019-08-23,7.96,7.98
2019-08-26,7.9,7.88
2019-08-27,7.9,7.86
2019-08-28,7.86,7.89
2019-08-29,7.88,7.92
2019-08-30,7.99,7.96
2019-09-02,7.96,8.03
2019-09-03,8.05,8.04
2019-09-04,8.04,8.05
2019-09-05,8.06,8.04
2019-09-06,8.05,8.03
2019-09-09,8.02,8.01
2019-09-10,8.02,8.01
2019-09-11,7.99,7.96
2019-09-12,7.97,8.02
2019-09-16,8,7.97
2019-09-17,7.97,7.88
2019-09-18,7.9,8
2019-09-19,8,7.93
2019-09-20,7.92,7.9
2019-09-23,7.91,7.94
2019-09-24,7.95,7.9
2019-09-25,7.87,7.87
2019-09-26,7.87,7.88
2019-09-27,7.84,7.8
2019-10-01,7.8,7.82
2019-10-02,7.82,7.77
2019-10-03,7.73,7.65
2019-10-04,7.66,7.68
2019-10-07,7.68,7.65
2019-10-08,7.63,7.55
2019-10-09,7.55,7.48
2019-10-14,7.48,7.6
2019-10-15,7.6,7.53
2019-10-16,7.53,7.61
2019-10-17,7.6,7.63
2019-10-18,7.61,7.64
2019-10-21,7.64,7.68
2019-10-22,7.69,7.75
2019-10-23,7.76,7.72
2019-10-24,7.77,7.73
2019-10-25,7.7,7.69
2019-10-28,7.69,7.69
2019-10-29,7.69,7.64
2019-10-30,7.65,7.6
2019-10-31,7.62,7.58
2019-11-01,7.58,7.59
2019-11-04,7.62,7.59
2019-11-06,7.58,7.57
2019-11-07,7.56,7.57
2019-11-08,7.57,7.54
2019-11-11,7.54,7.51
2019-11-12,7.5,7.48
2019-11-13,7.48,7.45
2019-11-14,7.45,7.33
2019-11-15,7.33,7.22
2019-11-18,7.21,7.07
2019-11-19,7.07,7.02
2019-11-20,7,7.03
2019-11-21,7.05,7.02
2019-11-25,7.05,7.06
2019-11-26,7.06,7.05
2019-11-27,7.05,7.1
2019-11-28,6.9,7.09
2019-11-29,7.09,7.29
2019-12-02,7.3,7.52
2019-12-03,7.41,7.5
2019-12-04,7.5,7.49
2019-12-05,7.5,7.41
2019-12-06,7.4,7.29
2019-12-09,7.3,7.27
2019-12-10,7.29,7.3
2019-12-11,7.3,7.28
2019-12-12,7.3,7.27
2019-12-13,7.31,7.26
2019-12-16,7.3,7.26
2019-12-17,7.26,7.31
2019-12-18,7.31,7.37
2019-12-19,7.36,7.31
2019-12-20,7.31,7.23
2019-12-23,7.27,7.24
2019-12-24,7.24,7.23
2019-12-25,7.23,7.24
2019-12-26,7.25,7.23
2019-12-27,7.24,7.2
2019-12-30,7.2,7.2
2019-12-31,7.2,7.21
2020-01-02,7.26,7.28
2020-01-03,7.36,7.32
2020-01-06,7.34,7.26
2020-01-07,7.28,7.28
2020-01-08,7.28,7.2
2020-01-09,7.21,7.22
2020-01-10,7.22,7.23
2020-01-13,7.23,7.22
2020-01-14,7.23,7.22
2020-01-15,7.22,7.25
2020-01-16,7.28,7.27
2020-01-17,7.27,7.25
2020-01-20,7.23,7.18
2020-01-30,6.81,6.67
2020-01-31,6.5,6.77
2020-02-03,6.51,6.46
2020-02-04,6.48,6.49
2020-02-05,6.5,6.52
2020-02-06,6.55,6.68
2020-02-07,6.7,6.58
2020-02-10,6.57,6.48
2020-02-11,6.48,6.47
2020-02-12,6.48,6.53
2020-02-13,6.53,6.6
2020-02-14,6.6,6.58
2020-02-17,6.57,6.6
2020-02-18,6.6,6.99
2020-02-19,7.07,7.21
2020-02-20,7.25,7.14
2020-02-21,7.11,7.09
2020-02-24,7.06,6.94
2020-02-25,6.9,6.91
2020-02-26,6.9,6.85
2020-02-27,6.87,6.93
2020-03-02,6.78,6.77
2020-03-03,6.8,6.78
2020-03-04,6.72,6.86
2020-03-05,6.88,6.9
2020-03-06,6.82,6.81
2020-03-09,6.74,6.58
2020-03-10,6.48,6.63
2020-03-11,6.68,6.55
2020-03-12,6.5,6.19
2020-03-13,5.75,5.68
2020-03-16,5.51,5.2
2020-03-17,5.02,4.95
2020-03-18,4.89,4.96
2020-03-19,4.91,4.73
2020-03-20,4.88,5.02
2020-03-23,4.96,4.89
2020-03-24,4.93,4.97
2020-03-25,5.1,5.15
2020-03-26,5.3,5.25
2020-03-27,5.31,5.18
2020-03-30,5.05,5.09
2020-03-31,5.1,5.08
2020-04-01,5.06,5.06
2020-04-06,5.06,5.04
2020-04-07,5.08,5.13
2020-04-08,5.15,5.24
2020-04-09,5.28,5.45
2020-04-10,5.57,5.5
2020-04-13,5.5,5.36
2020-04-14,5.35,5.42
2020-04-15,5.45,5.47
2020-04-16,5.42,5.41
2020-04-17,5.49,5.41
2020-04-20,5.49,5.45
2020-04-21,5.46,5.4
2020-04-22,5.35,5.4
2020-04-23,5.4,5.39
2020-04-24,5.45,5.43
2020-04-27,5.46,5.69
2020-04-28,5.7,6.25
2020-04-29,6.32,6.79
2020-04-30,6.8,6.77
2020-05-04,6.56,6.57
2020-05-05,6.57,6.43
2020-05-06,6.47,6.36
2020-05-07,6.32,6.38
2020-05-08,6.4,6.37
2020-05-11,6.37,6.45
2020-05-12,6.34,6.31
2020-05-13,6.27,6.59
2020-05-14,6.5,6.39
2020-05-15,6.32,6.32
2020-05-18,6.32,6.36
2020-05-19,6.44,6.45
2020-05-21,6.55,6.83
2020-05-22,6.69,6.68
2020-05-25,6.51,6.53
2020-05-26,6.61,6.61
2020-05-27,6.61,6.59
2020-05-28,6.6,6.53
2020-05-29,6.53,6.5
2020-06-01,6.53,6.59
2020-06-02,6.58,6.58
2020-06-03,6.57,6.61
2020-06-04,6.63,6.65
2020-06-05,6.64,6.85
2020-06-09,6.85,6.89
2020-06-10,6.87,6.84
2020-06-11,6.84,6.54
2020-06-12,6.36,6.42
2020-06-15,6.45,6.42
2020-06-16,6.55,6.59
2020-06-17,6.62,6.55
2020-06-18,6.59,6.49
2020-06-19,6.47,6.59
2020-06-22,6.59,6.59
2020-06-23,6.61,6.59
2020-06-29,6.52,6.47
2020-06-30,6.48,6.5
2020-07-01,6.51,6.45
2020-07-02,6.45,6.45
2020-07-03,6.5,6.51
2020-07-06,6.56,6.56
2020-07-07,6.59,6.53
2020-07-08,6.59,6.65
2020-07-09,6.66,6.57
2020-07-10,6.55,6.4
2020-07-13,6.5,6.4
2020-07-14,6.37,6.34
2020-07-15,6.34,6.35
2020-07-16,6.36,6.42
2020-07-17,6.49,6.31
2020-07-20,6.31,6.28
2020-07-21,6.31,6.34
2020-07-22,6.34,6.39
2020-07-23,6.39,6.37
2020-07-24,6.37,6.25
2020-07-27,6.26,6.1
2020-07-28,6.1,6.06
2020-07-29,6.07,6.24
2020-07-30,6.25,6.24
2020-07-31,6.25,6.31
2020-08-03,6.3,6.29
2020-08-04,6.32,6.25
2020-08-05,6.26,6.25
2020-08-06,6.26,6.38
2020-08-07,6.4,6.46
2020-08-10,6.45,7.1
2020-08-11,7.6,7.81
2020-08-12,7.75,7.69
2020-08-13,7.65,7.89
2020-08-14,8,8.59
2020-08-17,8.47,8.62
2020-08-18,8.61,8.43
2020-08-19,8.5,8.24
2020-08-20,8.25,7.67
2020-08-21,7.86,7.84
2020-08-24,7.9,7.95
2020-08-25,8.12,8.74
2020-08-26,8.93,9.61
2020-08-27,9.69,9.36
2020-08-28,9.36,9.21
2020-08-31,9.6,10.1
2020-09-01,10.2,10.6
2020-09-02,10.55,11
2020-09-03,10.9,11.05
2020-09-04,10.6,11.5
2020-09-07,11.6,11.95
2020-09-08,11.9,11.25
2020-09-09,10.95,11.3
2020-09-10,11.45,10.95
2020-09-11,11.1,10.2
2020-09-14,10.35,10.1
2020-09-15,10.3,10.2
2020-09-16,10.2,9.81
2020-09-17,9.8,9.91
2020-09-18,9.93,9.88
2020-09-21,9.91,9.88
2020-09-22,10,9.97
2020-09-23,9.98,9.44
2020-09-24,9.35,9.01
2020-09-25,9.1,9.75
2020-09-28,9.6,9.45
2020-09-29,9.45,9.61
2020-09-30,9.55,9.7
2020-10-05,9.79,10.15
2020-10-06,10.15,10.15
2020-10-07,10.15,10.2
2020-10-08,10.25,10.05
2020-10-12,10.15,10
2020-10-13,9.95,10.25
2020-10-14,10.1,10.2
2020-10-15,10.25,10.4
2020-10-16,10.6,10.4
2020-10-20,10.4,10.6
2020-10-21,10.65,10.55
2020-10-22,10.55,10.45
2020-10-23,10.5,11
2020-10-26,11.15,12.1
2020-10-27,11.9,12
2020-10-28,11.95,11.45
2020-10-29,11.05,11.6
2020-10-30,11.7,11.5
2020-11-02,11.7,11.6
2020-11-03,11.7,11.75
2020-11-04,11.95,12.5
2020-11-05,12.4,12.25
2020-11-06,12.35,12.9
2020-11-09,13,14.1
2020-11-10,14.15,13.6
2020-11-11,13.55,13.55
2020-11-12,13.1,12.35
2020-11-13,12.4,12.5
2020-11-16,12.7,12.5
2020-11-17,12.45,12.5
2020-11-18,12.5,13
2020-11-19,13,12.75
2020-11-20,12.7,12.8
2020-11-23,13,13
2020-11-24,13.15,13.05
2020-11-25,13.25,13.6
2020-11-26,13.75,13.55
2020-11-27,13.55,13.6
2020-11-30,13.65,13.25
2020-12-01,13.3,13.05
2020-12-02,13.1,12.9
2020-12-03,12.9,12.75
2020-12-04,12.85,12.85
2020-12-07,12.95,12.85
2020-12-08,13.15,14.05
2020-12-09,14.05,14.4
2020-12-10,14.45,14.35
2020-12-11,14.3,13.7
2020-12-14,13.85,15.05
2020-12-15,15.35,15.55
2020-12-16,15.65,15.85
2020-12-17,15.8,15.7
2020-12-18,16,17.25
2020-12-21,17.65,18.95
2020-12-22,19.2,18.55
2020-12-24,20.35,21
2020-12-25,23.1,23.1
2020-12-28,24.3,25.4
2020-12-29,27.9,27.9
2020-12-30,27.3,27.5
2020-12-31,27.5,29.25
2021-01-04,30.7,32.15
2021-01-05,31.6,32
2021-01-06,32,28.8
2021-01-07,28.6,25.95
2021-01-08,25.65,27.3
2021-01-11,28,28.55
2021-01-12,26.1,25.7
2021-01-13,25.35,24
2021-01-14,24.75,25.9
2021-01-15,25.1,23.35
2021-01-18,23,23.8
2021-01-19,26.15,21.85
2021-01-20,21.9,20.2
2021-01-21,20.85,20.85
2021-01-22,20.9,22.6
2021-01-25,22.95,23
2021-01-26,23.1,21.6
2021-01-27,21.8,20.8
2021-01-28,20.15,20.7
2021-01-29,21.05,19.75
2021-02-01,19.7,19.05
2021-02-02,19.3,20.95
2021-02-03,21.25,21.6
2021-02-04,21.45,21.95
2021-02-05,22.1,21.5
2021-02-17,22.1,23.65
2021-02-18,24.2,25.55
2021-02-19,25.5,25.6
2021-02-22,28.15,28.15
2021-02-23,28.15,28.25
2021-02-24,28.9,27.9
2021-02-25,28.95,28.5
2021-02-26,27.95,29
2021-03-02,29.55,27.1
2021-03-04,27,26.6
2021-03-05,25.9,26.05
2021-03-08,26.55,26.8
2021-03-09,26.9,27.6
2021-03-10,27.75,28
2021-03-11,28.75,28.1
2021-03-12,29,29.15
2021-03-15,29.7,31.3
2021-03-16,31.1,30.05
2021-03-17,30.3,31.3
2021-03-19,31.4,32.6
2021-03-22,35.8,35.85
2021-03-23,36.5,33.5
2021-03-24,32.4,33.8
2021-03-25,33.7,32.5
2021-03-26,32.8,34
2021-03-29,34.7,35.25
2021-03-30,35.5,35.4
2021-03-31,35.8,37.7
2021-04-01,39.15,40.15
2021-04-06,41.5,44.15
2021-04-07,44.2,46.35
2021-04-08,46,46.2
2021-04-09,43,42.75
2021-04-13,46.1,44.8
2021-04-14,45.1,45.5
2021-04-15,45.6,46.7
2021-04-16,47.2,50.6
2021-04-19,52.6,55
2021-04-20,55.5,57
2021-04-21,58.8,62.7
2021-04-22,65,59.6
2021-04-23,62,60.4
2021-04-26,63,66.4
2021-04-27,69.4,72
2021-04-28,73.5,75
2021-04-29,76.9,79.8
2021-05-03,86.1,87.7
2021-05-04,87,80
2021-05-05,81.7,87
2021-05-06,89.9,84.3
2021-05-07,88.4,91.5
2021-05-10,91.6,100.5
2021-05-11,98,97.6
2021-05-12,95,87.9
2021-05-13,79.2,79.2
2021-05-14,82.5,74
2021-05-17,69.9,66.6
2021-05-18,70.5,73.2
2021-05-19,76.9,80.5
2021-05-20,81,83.5
2021-05-21,87,91.8
2021-05-24,92,93.1
2021-05-25,96.9,91
2021-05-26,92.8,98.8
2021-05-27,100,103
2021-05-28,105.5,108
2021-05-31,110.5,102.5
2021-06-01,105.5,112.5
2021-06-02,114,111
2021-06-03,113.5,112.5
2021-06-04,114,115.5
2021-06-07,117.5,107
2021-06-08,108,114.5
2021-06-09,116,113
2021-06-10,114,110.5
2021-06-11,112,116
2021-06-15,118.5,127.5
2021-06-16,129,130
2021-06-17,130,140.5
2021-06-18,138.5,149.5
2021-06-21,150,158.5
2021-06-22,162,154.5
2021-06-23,146,139.5
2021-06-24,133,149
2021-06-25,153,151
2021-06-28,156.5,166
2021-06-29,171,166
2021-06-30,166.5,182.5
2021-07-01,188,196
2021-07-02,197,191
2021-07-05,198,197
2021-07-06,201,216.5
2021-07-07,222,210
2021-07-08,216,216.5
2021-07-09,207,195.5
2021-07-12,206.5,195.5
2021-07-13,202,176
2021-07-14,177,163
2021-07-15,170,179
2021-07-16,183,188
2021-07-19,193,188
2021-07-20,185,170.5
2021-07-21,176.5,153.5
2021-07-22,153.5,140.5
2021-07-23,142,145.5
2021-07-26,145.5,136
2021-07-27,130.5,122.5
2021-07-28,123,118
2021-07-29,121,129.5
2021-07-30,135,117
2021-08-02,114.5,120
2021-08-03,120.5,126
2021-08-04,127,129
2021-08-05,129,125.5
2021-08-06,126,131
2021-08-09,131.5,132.5
2021-08-10,134,130
2021-08-11,126.5,125
2021-08-12,124.5,133.5
2021-08-13,133,133
2021-08-16,135,126
2021-08-17,129,124.5
2021-08-18,123.5,136.5
2021-08-19,135,126.5
2021-08-20,129.5,130.5
2021-08-23,134.5,139.5
2021-08-24,143.5,134.5
2021-08-25,135.5,138.5
2021-08-26,138.5,140
2021-08-27,137,137
2021-08-30,138.5,136
2021-08-31,136.5,133.5
2021-09-01,134,125
2021-09-02,123,126
2021-09-03,127,120.5
2021-09-06,120,113
2021-09-07,117,120.5
2021-09-08,120.5,122
2021-09-09,121.5,121.5
2021-09-10,120.5,125.5
2021-09-13,127,124.5
2021-09-14,126,117.5
2021-09-15,118.5,121.5
2021-09-16,121.5,118
2021-09-17,118.5,123
2021-09-22,120,119.5
2021-09-23,122,121.5
2021-09-24,123.5,126.5
2021-09-27,129,124.5
2021-09-28,120.5,119
2021-09-29,115.5,116.5
2021-09-30,118,119.5
2021-10-01,116,108
2021-10-04,108,97.2
2021-10-06,99.6,92.5
2021-10-07,96.1,98.5
2021-10-08,99.5,96.8
2021-10-12,93.8,87.4
2021-10-13,90.8,88.5
2021-10-14,91.2,92.4
2021-10-15,93.1,92.3
2021-10-18,90.4,89
2021-10-19,88.8,88
2021-10-20,89.5,88.3
2021-10-22,89.6,85.1
2021-10-25,84,89.5
2021-10-26,90.5,90.4
2021-10-27,89.3,89.3
2021-10-28,89.4,90.6
2021-10-29,92,96.5
2021-11-01,98.5,98
2021-11-02,99.4,101.5
2021-11-03,103,108.5
2021-11-04,112,106
2021-11-05,107,107.5
2021-11-08,112.5,118
2021-11-10,115.5,115
2021-11-11,115,106
2021-11-12,108,106.5
2021-11-15,109.5,105
2021-11-16,105.5,110
2021-11-17,110,107.5
2021-11-18,107.5,109.5
2021-11-19,110,107.5
2021-11-22,109,110.5
2021-11-23,111,111
2021-11-24,111.5,111
2021-11-25,111.5,114.5
2021-11-29,108.5,110
2021-11-30,113.5,115.5
2021-12-01,116,115
2021-12-02,115,122
2021-12-03,124.5,121
2021-12-06,122.5,125.5
2021-12-07,126.5,126.5
2021-12-08,129.5,127
2021-12-09,129,128.5
2021-12-10,126.5,124
2021-12-13,126,127.5
2021-12-14,127.5,120
2021-12-15,120.5,122.5
2021-12-16,124,122
2021-12-17,123,123.5
2021-12-20,123.5,122
2021-12-21,122.5,125.5
2021-12-22,126,124
2021-12-23,125.5,122.5
2021-12-24,123.5,122.5
2021-12-27,123.5,122.5
2021-12-28,124,125
2021-12-29,126,124.5
2021-12-30,124.5,121
2022-01-03,120,114.5
2022-01-04,115,115.5
2022-01-05,115,115
2022-01-06,113.5,114.5
2022-01-07,115.5,113.5
2022-01-10,111.5,111.5
2022-01-11,112,112
2022-01-12,113.5,108
2022-01-13,108.5,105
2022-01-14,105,107.5
2022-01-17,106,105.5
2022-01-18,104.5,106.5
2022-01-19,105,104
2022-01-20,104,104
2022-01-21,103,99
2022-01-24,97,99.9
2022-01-25,99,95.1
2022-01-26,96.1,98.6
2022-02-07,100.5,108
2022-02-08,109,112.5
2022-02-09,114,112
2022-02-10,113.5,114
2022-02-11,114,112
2022-02-14,111.5,110.5
2022-02-15,112,111
2022-02-16,113.5,112.5
2022-02-17,113,112
2022-02-18,112,116.5
2022-02-21,117.5,119.5
2022-02-22,117.5,113.5
2022-02-23,114.5,116
2022-02-24,113.5,112.5
2022-02-25,117,115.5
2022-03-01,118.5,120.5
2022-03-02,120,120.5
2022-03-03,123,125
2022-03-04,126,133
2022-03-07,133.5,125.5
2022-03-08,121.5,118
2022-03-09,122.5,125.5
2022-03-10,128.5,124
2022-03-11,123.5,125.5
2022-03-14,128,132.5
2022-03-15,134,130
2022-03-16,136,127
2022-03-17,130,133
2022-03-18,132.5,130
2022-03-21,130.5,131.5
2022-03-22,131,129.5
2022-03-24,129,128
2022-03-25,128,122
2022-03-28,117.5,122.5
2022-03-29,123.5,123.5
2022-03-30,125,124
2022-03-31,124,124.5
2022-04-01,123.5,126.5
2022-04-06,124,123.5
2022-04-08,120.5,124
2022-04-11,123.5,121.5
2022-04-12,122,120
2022-04-13,122,124.5
2022-04-14,126,122
2022-04-15,121.5,124
2022-04-18,124,121
2022-04-19,122.5,123
2022-04-20,124.5,123.5
2022-04-21,125,125
2022-04-22,124,126.5
2022-04-25,124,121.5
2022-04-27,118,121
2022-04-28,122,120.5
2022-04-29,122.5,126
2022-05-03,126.5,126.5
2022-05-04,128,130
2022-05-05,132,130
2022-05-06,127,130.5
2022-05-09,130,126
2022-05-10,123,127.5
2022-05-11,126,124
2022-05-12,124.5,121
2022-05-16,122,119
2022-05-17,118.5,116.5
2022-05-18,118,117.5
2022-05-19,114.5,115
2022-05-20,116.5,117.5
2022-05-23,119.5,127
2022-05-24,128,125
2022-05-25,127,127
2022-05-26,128,125.5
2022-05-27,127.5,128
2022-05-30,128.5,127
2022-05-31,127.5,124.5
2022-06-01,125,126
2022-06-02,125,126.5
2022-06-06,127.5,126.5
2022-06-07,126.5,127
2022-06-08,128.5,130
2022-06-09,126,126.5
2022-06-10,125,126
2022-06-13,123,120.5
2022-06-14,119,123.5
2022-06-15,123.5,122
2022-06-16,123.5,117
2022-06-17,115.5,119.5
2022-06-20,119.5,111.5
2022-06-21,112.5,109.5
2022-06-22,110,101
2022-06-23,101,96.2
2022-06-24,98.8,98.3
2022-06-27,85.9,86.1
2022-06-28,87.4,91.7
2022-06-29,89.3,85.5
2022-06-30,84.7,82.3
2022-07-01,82.8,77.8
2022-07-04,78.5,78.2
2022-07-05,80.2,82.1
2022-07-06,81.1,80.3
2022-07-07,80.9,83.2
2022-07-08,85.2,86.5
2022-07-11,88.2,88.2
2022-07-12,85.1,82.1
2022-07-13,85.5,83.9
2022-07-14,84.1,87.5
2022-07-15,87,86
2022-07-18,86.4,85.6
2022-07-20,88.8,86.6
2022-07-21,87.3,88.3
2022-07-22,88.7,89.5
2022-07-25,88.8,86.9
2022-07-26,86.6,86.7
2022-07-27,87,88.2
2022-07-28,88.7,86.5
2022-07-29,87.9,89.6
2022-08-01,89.5,90
2022-08-02,88.7,87.5
2022-08-03,88.1,87
2022-08-04,86.6,87.5
2022-08-08,89.3,91.1
2022-08-09,90.5,93.3
2022-08-10,91.9,91.1
2022-08-11,92.5,91
2022-08-12,91.6,91.1
2022-08-15,90.6,87.5
2022-08-16,87.1,86
2022-08-17,86.4,86.4
2022-08-18,86,86.5
2022-08-19,86.7,86.4
2022-08-22,85.4,83.6
2022-08-23,82.8,83
2022-08-25,82.5,83.4
2022-08-26,84.1,83.4
2022-08-29,79.1,79.6
2022-08-30,79.4,78.9
2022-08-31,78,78.9
2022-09-01,77.8,76.8
2022-09-02,76.5,71.1
2022-09-05,69.1,70.8
2022-09-06,71.6,70.6
2022-09-07,69.5,69.6
2022-09-08,70.1,67.8
2022-09-13,72.4,71.1
2022-09-14,68.5,71.8
2022-09-15,72,72.6
2022-09-16,71.3,73.5
2022-09-19,72,68
2022-09-20,69.2,68.5
2022-09-21,68.5,68.9
2022-09-22,68,66.5
2022-09-23,66.3,67.4
2022-09-26,66.1,61.6
2022-09-27,63,63.8
2022-09-28,63.2,60.3
2022-09-29,61.8,59.9
2022-09-30,58.2,61.5
2022-10-04,65.5,63.8
2022-10-05,64.3,64.7
2022-10-06,64.9,65
2022-10-07,64.2,65.1
2022-10-11,63.5,63.7
2022-10-12,63.9,61.6
2022-10-13,61.9,59.3
2022-10-14,61.2,62.8
2022-10-17,61.6,60
2022-10-18,60.8,61.9
2022-10-19,62.2,63
2022-10-21,61,61
2022-10-24,63,62.1
2022-10-25,62.1,61.5
2022-10-26,61.5,61.9
2022-10-27,62,63.2
2022-10-28,62.1,60.6
2022-10-31,60.2,60.2
2022-11-01,60.6,59.1
2022-11-02,60.6,59.8
2022-11-03,58.1,60.2
2022-11-04,59.3,61.2
2022-11-07,62.5,62.3
2022-11-08,63.1,63.4
2022-11-09,64.1,64.5
2022-11-11,67,65.2
2022-11-14,65.6,66.2
2022-11-15,66.8,65.3
2022-11-16,65.4,64.6
2022-11-17,64.7,64.8
2022-11-18,64.8,63
2022-11-21,62.6,61.4
2022-11-22,61.1,61.7
2022-11-23,62.3,62.5
2022-11-24,63.1,64.6
2022-11-25,64.8,64.9
2022-11-28,64.3,63.5
2022-11-30,64.5,66.1
2022-12-01,67.2,65.4
2022-12-02,65,64.8
2022-12-05,64.1,63.8
2022-12-06,63.8,61.7
2022-12-07,61.5,60.9
2022-12-08,60.9,61
2022-12-09,61.3,62.8
2022-12-12,62.2,61.8
2022-12-13,62.9,63.2
2022-12-14,62.6,62
2022-12-15,62.2,62.8
2022-12-16,62.1,65.3
2022-12-19,66,64.3
2022-12-20,64.9,63.9
2022-12-21,64.7,65.7
2022-12-22,67.1,68
2022-12-23,67.2,67.3
2022-12-26,67,65
2022-12-27,65.5,65.1
2022-12-28,64.8,63.9
2022-12-29,63.7,64.8
2022-12-30,65.7,65.5
2023-01-03,65.9,64.6
2023-01-04,64.8,63.5
2023-01-05,64.2,63.7
2023-01-06,64,63.6
2023-01-09,63.8,63.3
2023-01-10,63.5,62.9
2023-01-11,63.5,63.2
2023-01-12,63.2,62
2023-01-13,62.3,61.9
2023-01-16,62.1,61.1
2023-01-17,61.6,62
2023-01-30,62.3,61.3
2023-01-31,61.5,62.5
2023-02-01,62.7,62.4
2023-02-02,63,63.5
2023-02-03,64.4,63.6
2023-02-07,61.5,61.7
2023-02-08,62.2,61.8
2023-02-09,61.8,61.7
2023-02-10,61.7,60.6
2023-02-13,60.2,59
2023-02-14,59.6,60.7
2023-02-15,60.5,60
2023-02-16,60.3,60.3
2023-02-17,60,59.8
2023-02-20,59.8,60.5
2023-02-21,60.7,62.8
2023-02-22,62.8,62.6
2023-02-23,63.3,64.3
2023-02-24,64.8,64.6
2023-03-01,64.3,63.8
2023-03-02,64.5,65.6
2023-03-03,66.4,67.1
2023-03-06,68,67.5
2023-03-07,67.5,67.4
2023-03-08,66.9,66.3
2023-03-09,66.4,67
2023-03-10,66.6,68.7
2023-03-13,68.8,69.1
2023-03-14,67.9,67.5
2023-03-15,68.6,66.5
2023-03-16,66.2,64.7
2023-03-17,65.3,65.4
2023-03-20,65.9,65.8
2023-03-21,66.3,65.1
2023-03-22,65.5,65.3
2023-03-23,64.9,64.1
2023-03-24,64.3,64.2
2023-03-27,64.1,64.2
2023-03-28,64.1,64
2023-03-29,64.3,63.5
2023-03-30,63.8,63.3
2023-03-31,63.9,64.3
2023-04-06,64.7,64
2023-04-07,64.3,65.6
2023-04-10,66.4,65.7
2023-04-11,66,65.6
2023-04-12,66.2,66.4
2023-04-13,66.5,66.3
2023-04-14,66.6,66.8
2023-04-17,67.7,67.7
2023-04-18,68.4,66.4
2023-04-20,66.4,66.4
2023-04-21,66.6,64.9
2023-04-24,64.8,64.7
2023-04-25,64.8,63.7
2023-04-26,63.6,62.4
2023-04-27,62,61.7
2023-04-28,62.9,63.1
2023-05-02,62.7,61.9
2023-05-03,61.7,60.7
2023-05-04,60.3,60.8
2023-05-08,61.2,60.5
2023-05-09,60.6,60.3
2023-05-10,60.1,61.6
2023-05-11,61.2,60.1
2023-05-12,60,60.2
2023-05-15,60.4,61.2
2023-05-16,61.3,60.9
2023-05-17,61.3,61.2
2023-05-18,61.5,61.3
2023-05-19,61.4,61.3
2023-05-22,61.4,62.1
2023-05-23,62.2,61.7
2023-05-25,61.6,61.1
2023-05-26,61.2,61.3
2023-05-29,61.5,62
2023-05-30,62.2,61.3
2023-05-31,61.5,60.8
2023-06-01,60.8,61.4
2023-06-02,61.7,61.5
2023-06-05,61.6,60.9
2023-06-06,61,61.7
2023-06-07,61.9,61.7
2023-06-08,61.8,62.6
2023-06-09,63,62.9
2023-06-13,63.3,63.2
2023-06-14,63.2,64.3
2023-06-15,64.7,64.1
2023-06-16,64.1,64.8
2023-06-19,64.8,63.5
2023-06-20,63.4,63.2
2023-06-21,63,61.5
2023-06-26,61.7,61.1
2023-06-27,61.2,61.1
2023-06-28,61.4,60.7
2023-06-29,60.6,60.1
2023-06-30,60.7,63
2023-07-03,64.6,69.3
2023-07-04,54.2,54.2
2023-07-05,54.6,51.7
2023-07-06,51.6,51
2023-07-07,50.6,50.6
2023-07-10,50.3,48.85
2023-07-11,49.3,48.4
2023-07-12,48.3,46.25
2023-07-13,46.05,44
2023-07-14,44.6,44.6
2023-07-17,45.15,45.05
2023-07-18,45.75,46.3
2023-07-19,46.95,46.8
2023-07-20,47,48.4
2023-07-21,47.7,47.35
2023-07-24,46.95,45.75
2023-07-25,45.9,45.6
2023-07-26,45.8,46.9
2023-07-27,47.45,46.9
2023-07-28,47.6,47.75
2023-07-31,48.5,46.5
2023-08-01,46.85,46.8
2023-08-02,46.85,46.45
2023-08-04,46.7,47.15
2023-08-07,46.85,46.4
2023-08-08,46.6,46.4
2023-08-09,46.45,46
2023-08-10,45.95,45.5
2023-08-11,45.5,45.3
2023-08-14,44.9,44.05
2023-08-15,44.1,43.6
2023-08-16,43.2,42.05
2023-08-17,41.8,42.55
2023-08-18,42.6,43.9
2023-08-21,44.1,43.1
2023-08-22,43.3,43.3
2023-08-23,43.55,42.95
2023-08-24,42.9,41.95
2023-08-25,41.85,42.05
2023-08-28,42.05,42
2023-08-29,42.1,42.5
2023-08-30,42.8,42.25
2023-08-31,42.5,42.25
2023-09-01,42.4,42.1
2023-09-04,42.2,42.9
2023-09-05,43.2,43.3
2023-09-06,43.35,42.6
2023-09-07,42.6,42.5
2023-09-08,42.55,42.65
2023-09-11,42.95,42.5
2023-09-12,42.7,43.1
2023-09-13,43.3,43.3
2023-09-14,43.5,44.6
2023-09-15,45,46.45
2023-09-18,46.15,45.5
2023-09-19,45.95,45.85
2023-09-20,46.15,46.3
2023-09-21,46,45.6
2023-09-22,45.4,45.8
2023-09-25,45.75,45.95
2023-09-26,45.9,45.95
2023-09-27,46.1,45.9
2023-09-28,46.25,45.45
2023-10-02,45.5,44.45
2023-10-03,44.2,44.1
2023-10-04,44.05,44.55
2023-10-05,44.95,44.9
2023-10-06,45.45,45
2023-10-11,44.95,42.55
2023-10-12,42.55,43.1
2023-10-13,42.95,42.55
2023-10-16,42.35,42.4
2023-10-17,42.6,42.25
2023-10-18,42.2,42.3
2023-10-19,42.05,42.7
2023-10-20,42.35,42.35
2023-10-23,42.2,41.95
2023-10-24,42.05,42.2
2023-10-25,42.5,42.3
2023-10-26,42.1,42.45
2023-10-27,42.5,43
2023-10-30,43.25,43.25
2023-10-31,43.35,42.1
2023-11-01,42.4,42.1
2023-11-02,42.15,42.65
2023-11-03,42.85,43.25
2023-11-06,42.55,42.3
2023-11-07,42.1,42.25
2023-11-08,42.3,41.9
2023-11-09,41.9,41.85
2023-11-10,41.9,41.3
2023-11-13,41.4,41.45
2023-11-14,41.95,41.5
2023-11-15,41.85,42.1
2023-11-16,42.25,42.15
2023-11-17,42.25,41.8
2023-11-20,41.8,42
2023-11-21,42.15,41.9
2023-11-22,41.9,41.55
2023-11-23,41.65,41.55
2023-11-24,41.6,41.75
2023-11-27,41.9,42
2023-11-28,42.2,42.65
2023-11-29,42.8,42.55
2023-11-30,42.55,42
2023-12-01,42.1,43.3
2023-12-04,44.05,45.15
2023-12-05,45.05,44.85
2023-12-06,45.05,44.65
2023-12-07,44.7,43.7
2023-12-08,43.75,44
2023-12-11,44.45,44
2023-12-12,44.2,44
2023-12-13,44.1,43.2
2023-12-14,43.45,42.75
2023-12-15,43.15,44.25
2023-12-18,46,47.85
2023-12-19,48.45,49.3
2023-12-20,49.7,50.4
2023-12-21,50.3,55.4
2023-12-22,56.2,57.5
2023-12-25,54,51.8
2023-12-26,51.6,52
2023-12-27,53.4,52.6
2023-12-28,53.1,51.9
2023-12-29,52.3,51.3
2024-01-02,54.2,53
2024-01-03,54.8,54
2024-01-04,55,57.3
2024-01-05,58.2,58
2024-01-08,57.8,56.5
2024-01-09,53.5,51.7
2024-01-10,50.8,48.8
2024-01-11,49.25,49.3
2024-01-12,50.6,51.8
2024-01-15,52.5,52.2
2024-01-16,52.8,51.1
2024-01-17,51.2,49.75
2024-01-18,50.3,51.3
2024-01-19,51.5,50.9
2024-01-22,49.65,49.8
2024-01-23,50.4,49.45
2024-01-24,49.75,49.8
2024-01-25,50,49.25
2024-01-26,49.3,48.9
2024-01-29,48.8,48.8
2024-01-30,49.05,48.5
2024-01-31,48.6,47.85
2024-02-01,48,49.15
2024-02-02,48.2,47.75
2024-02-05,47.8,47.3
2024-02-15,47,46.65
2024-02-16,47.5,46.9
2024-02-19,47.1,46.9
2024-02-20,47.3,48.15
2024-02-21,48.8,48.35
2024-02-22,48.95,49.95
2024-02-23,50.2,49.1
2024-02-26,49.2,48.7
2024-02-27,48.75,48.55
2024-02-29,49,49.85
2024-03-01,49.5,49.15
2024-03-04,48.8,48.9
2024-03-05,49,48.6
2024-03-06,48.5,48
2024-03-07,48.15,48
2024-03-08,48.15,47.55
2024-03-11,48.15,48.6
2024-03-12,48.9,48.95
2024-03-13,49.3,48.7
2024-03-14,48.9,47.75
2024-03-15,47.2,46.5
2024-03-18,45.7,45.15
2024-03-19,45.2,45.3
2024-03-20,45.45,44.95
2024-03-21,45.9,45.45
2024-03-22,45.8,45.15
2024-03-25,45.2,45.6
2024-03-26,45.45,44.15
2024-03-27,44.2,44.15
2024-03-28,44.35,44.1
2024-03-29,44.2,44.4
2024-04-01,44.7,44.3
2024-04-02,44.3,44.45
2024-04-03,44.2,43.8
2024-04-08,43.85,45.1
2024-04-09,45.1,44.95
2024-04-10,45.25,44.4
2024-04-11,44.8,45
2024-04-12,45.3,45.2
2024-04-15,45,45.2
2024-04-16,45.05,43.8
2024-04-17,43.6,43.95
2024-04-18,43.95,43.8
2024-04-19,43.65,45.15
2024-04-22,46.4,45.6
2024-04-23,45.6,45.85
2024-04-24,46.35,46.7
2024-04-25,46.5,47.1
2024-04-26,47.1,51.8
2024-04-29,55,52.9
2024-04-30,53,52.2
2024-05-02,53.1,51.3
