,stock_id
0,0050
1,0051
2,0052
3,0053
4,0054
5,0055
6,0056
7,0057
8,0058
9,0059
10,0060
11,0061
12,006201
13,006203
14,006204
15,006205
16,006206
17,006207
18,006208
19,00625K
20,00631L
21,00632R
22,00633L
23,00634R
24,00635U
25,00636
26,00636K
27,00637L
28,00638R
29,00639
30,00640L
31,00641R
32,00642U
33,00643
34,00643K
35,00645
36,00646
37,00647L
38,00648R
39,00649
40,00650L
41,00651R
42,00652
43,00653L
44,00654R
45,00655L
46,00656R
47,00657
48,00657K
49,00658L
50,00659R
51,00660
52,00661
53,00662
54,00663L
55,00664R
56,00665L
57,00666R
58,00667
59,00668
60,00668K
61,00669R
62,00670L
63,00671R
64,00672L
65,00673R
66,00674R
67,00675L
68,00676R
69,00677U
70,00678
71,00679B
72,00680L
73,00681R
74,00682U
75,00683L
76,00684R
77,00685L
78,00686R
79,00687B
80,00688L
81,00689R
82,00690
83,00691R
84,00692
85,00693U
86,00694B
87,00695B
88,00696B
89,00697B
90,00698L
91,00699R
92,00700
93,00701
94,00702
95,00703
96,00704L
97,00705R
98,00706L
99,00707R
100,00708L
101,00709
102,00710B
103,00711B
104,00712
105,00713
106,00714
107,00715L
108,00716R
109,00717
110,00718B
111,00719B
112,00720B
113,00721B
114,00722B
115,00723B
116,00724B
117,00725B
118,00726B
119,00727B
120,00728
121,00729R
122,00730
123,00731
124,00732
125,00733
126,00734B
127,00735
128,00736
129,00737
130,00738U
131,00739
132,00740B
133,00741B
134,00742
135,00743
136,00744B
137,00745B
138,00746B
139,00747B
140,00748B
141,00749B
142,00750B
143,00751B
144,00752
145,00753L
146,00754B
147,00755B
148,00756B
149,00757
150,00758B
151,00759B
152,00760B
153,00761B
154,00762
155,00763U
156,00764B
157,00765B
158,00766L
159,00767
160,00768B
161,00770
162,00771
163,00772B
164,00773B
165,00774B
166,00774C
167,00775B
168,00776
169,00777B
170,00778B
171,00779B
172,00780B
173,00781B
174,00782B
175,00783
176,00784B
177,00785B
178,00786B
179,00787B
180,00788B
181,00789B
182,00790B
183,00791B
184,00792B
185,00793B
186,00794B
187,00795B
188,00796B
189,00798B
190,00799B
191,0080
192,0081
193,008201
194,00830
195,00831B
196,00832B
197,00833B
198,00834B
199,00835B
200,00836B
201,00837B
202,00838B
203,00839B
204,00840B
205,00841B
206,00842B
207,00843B
208,00844B
209,00845B
210,00846B
211,00847B
212,00848B
213,00849B
214,00850
215,00851
216,00852L
217,00853B
218,00854B
219,00855B
220,00856B
221,00857B
222,00858
223,00859B
224,00860B
225,00861
226,00862B
227,00863B
228,00864B
229,00865B
230,00866
231,00867B
232,00868B
233,00869B
234,00870B
235,00871B
236,00872B
237,00873B
238,00874B
239,00875
240,00876
241,00877
242,00878
243,00879B
244,00880B
245,00881
246,00882
247,00883B
248,00884B
249,00885
250,00886
251,00887
252,00888
253,00889B
254,00890B
255,00891
256,00892
257,00893
258,00894
259,00895
260,00896
261,00897
262,00898
263,00899
264,00900
265,00901
266,00902
267,00903
268,00904
269,00905
270,00906
271,00907
272,00908
273,00909
274,00910
275,00911
276,00912
277,00913
278,00915
279,00916
280,00917
281,00918
282,00919
283,00920
284,00921
285,00922
286,00923
287,00924
288,00925
289,00926
290,00927
291,00928
292,00929
293,00930
294,00931B
295,00932
296,00933B
297,00934
298,00935
299,00936
300,00937B
301,00939
302,00941
303,01001T
304,01002T
305,01003T
306,01004T
307,01005T
308,01007T
309,01008T
310,01009T
311,020000
312,020001
313,020002
314,020003
315,020004
316,020005
317,020006
318,020007
319,020008
320,020009
321,020010
322,020011
323,020012
324,020013
325,020014
326,020015
327,020016
328,020017
329,020018
330,020019
331,02001B
332,02001L
333,02001R
334,02001S
335,020020
336,020021
337,020022
338,020023
339,020024
340,020025
341,020026
342,020027
343,020028
344,020029
345,02002L
346,020030
347,020031
348,020032
349,020033
350,020034
351,020035
352,020036
353,020037
354,020038
355,020039
356,02003L
357,020040
358,020041
359,1101
360,1101B
361,1102
362,1103
363,1104
364,1107
365,1108
366,1109
367,1110
368,1201
369,1203
370,1210
371,1213
372,1215
373,1216
374,1217
375,1218
376,1219
377,1220
378,1225
379,1227
380,1229
381,1230
382,1231
383,1232
384,1233
385,1234
386,1235
387,1236
388,1240
389,1256
390,1258
391,1259
392,1259
393,1262
394,1264
395,1268
396,1268
397,1301
398,1303
399,1304
400,1305
401,1307
402,1308
403,1309
404,1310
405,1311
406,1312
407,1312A
408,1313
409,1314
410,1315
411,1316
412,1319
413,1321
414,1323
415,1324
416,1325
417,1326
418,1336
419,1337
420,1338
421,1339
422,1340
423,1341
424,1342
425,1402
426,1409
427,1410
428,1413
429,1414
430,1416
431,1417
432,1418
433,1419
434,1423
435,1432
436,1432
437,1434
438,1435
439,1436
440,1437
441,1438
442,1439
443,1439
444,1440
445,1441
446,1442
447,1443
448,1443
449,1444
450,1445
451,1446
452,1447
453,1449
454,1451
455,1452
456,1453
457,1453
458,1454
459,1455
460,1456
461,1456
462,1457
463,1459
464,1460
465,1463
466,1464
467,1465
468,1466
469,1467
470,1468
471,1469
472,1470
473,1471
474,1471
475,1472
476,1472
477,1473
478,1474
479,1475
480,1476
481,1477
482,1503
483,1504
484,1506
485,1507
486,1512
487,1513
488,1514
489,1515
490,1516
491,1517
492,1519
493,1520
494,1521
495,1522
496,1522A
497,1523
498,1524
499,1525
500,1526
501,1527
502,1528
503,1529
504,1530
505,1531
506,1532
507,1533
508,1535
509,1536
510,1537
511,1538
512,1539
513,1540
514,1541
515,1558
516,1560
517,1565
518,1568
519,1569
520,1570
521,1580
522,1582
523,1582
524,1583
525,1584
526,1586
527,1587
528,1589
529,1590
530,1591
531,1592
532,1593
533,1593
534,1595
535,1597
536,1598
537,1598
538,1598
539,1599
540,1601
541,1603
542,1604
543,1605
544,1606
545,1608
546,1609
547,1611
548,1612
549,1613
550,1614
551,1615
552,1616
553,1617
554,1618
555,1626
556,1701
557,1701
558,1702
559,1704
560,1704
561,1707
562,1707
563,1708
564,1708
565,1709
566,1709
567,1710
568,1710
569,1711
570,1711
571,1712
572,1712
573,1713
574,1713
575,1714
576,1714
577,1715
578,1716
579,1716
580,1717
581,1717
582,1718
583,1718
584,1720
585,1720
586,1721
587,1721
588,1722
589,1722
590,1723
591,1723
592,1724
593,1724
594,1725
595,1725
596,1726
597,1726
598,1727
599,1727
600,1729
601,1729
602,1730
603,1730
604,1731
605,1731
606,1732
607,1732
608,1733
609,1733
610,1734
611,1734
612,1735
613,1735
614,1736
615,1736
616,1736
617,1737
618,1742
619,1752
620,1752
621,1760
622,1760
623,1762
624,1762
625,1773
626,1773
627,1776
628,1776
629,1777
630,1781
631,1783
632,1783
633,1784
634,1785
635,1786
636,1786
637,1788
638,1789
639,1789
640,1795
641,1795
642,1796
643,1799
644,1802
645,1805
646,1806
647,1808
648,1809
649,1810
650,1813
651,1815
652,1817
653,1902
654,1903
655,1904
656,1905
657,1906
658,1907
659,1909
660,2002
661,2002A
662,2006
663,2007
664,2008
665,2009
666,2010
667,2012
668,2013
669,2014
670,2015
671,2017
672,2020
673,2022
674,2023
675,2024
676,2025
677,2027
678,2028
679,2029
680,2030
681,2031
682,2032
683,2033
684,2034
685,2035
686,2038
687,2049
688,2059
689,2059
690,2061
691,2062
692,2062
693,2063
694,2064
695,2065
696,2066
697,2067
698,2069
699,2070
700,2073
701,2101
702,2102
703,2103
704,2104
705,2105
706,2106
707,2107
708,2108
709,2109
710,2114
711,2115
712,2201
713,2204
714,2206
715,2207
716,2208
717,2211
718,2221
719,2227
720,2228
721,2230
722,2231
723,2233
724,2235
725,2236
726,2239
727,2241
728,2241
729,2243
730,2247
731,2250
732,2254
733,2258
734,2301
735,2301
736,2302
737,2302
738,2303
739,2303
740,2305
741,2305
742,2308
743,2308
744,2311
745,2311
746,2312
747,2312
748,2313
749,2313
750,2314
751,2314
752,2315
753,2315
754,2316
755,2316
756,2317
757,2317
758,2321
759,2321
760,2323
761,2323
762,2324
763,2324
764,2325
765,2325
766,2327
767,2327
768,2328
769,2328
770,2329
771,2329
772,2330
773,2330
774,2331
775,2331
776,2332
777,2332
778,2336
779,2336
780,2337
781,2337
782,2338
783,2338
784,2340
785,2340
786,2340
787,2341
788,2341
789,2342
790,2342
791,2344
792,2344
793,2345
794,2345
795,2347
796,2347
797,2348
798,2348A
799,2349
800,2349
801,2350
802,2350
803,2351
804,2351
805,2352
806,2352
807,2353
808,2353
809,2354
810,2354
811,2355
812,2355
813,2356
814,2356
815,2357
816,2357
817,2358
818,2359
819,2359
820,2360
821,2360
822,2361
823,2361
824,2362
825,2362
826,2363
827,2363
828,2364
829,2364
830,2365
831,2365
832,2367
833,2367
834,2368
835,2368
836,2369
837,2369
838,2371
839,2373
840,2373
841,2374
842,2374
843,2375
844,2375
845,2376
846,2376
847,2377
848,2377
849,2379
850,2379
851,2380
852,2380
853,2381
854,2381
855,2382
856,2382
857,2383
858,2383
859,2384
860,2384
861,2385
862,2385
863,2387
864,2387
865,2388
866,2388
867,2390
868,2390
869,2391
870,2391
871,2392
872,2392
873,2393
874,2393
875,2395
876,2395
877,2396
878,2396
879,2397
880,2397
881,2399
882,2399
883,2401
884,2401
885,2402
886,2402
887,2403
888,2403
889,2404
890,2404
891,2405
892,2405
893,2406
894,2406
895,2408
896,2408
897,2409
898,2409
899,2411
900,2411
901,2412
902,2412
903,2413
904,2413
905,2414
906,2414
907,2415
908,2415
909,2417
910,2417
911,2418
912,2419
913,2419
914,2420
915,2420
916,2421
917,2421
918,2423
919,2423
920,2424
921,2424
922,2424
923,2425
924,2425
925,2426
926,2426
927,2427
928,2427
929,2428
930,2428
931,2429
932,2429
933,2429
934,2430
935,2430
936,2431
937,2431
938,2432
939,2432
940,2432
941,2433
942,2433
943,2434
944,2434
945,2436
946,2436
947,2437
948,2437
949,2438
950,2438
951,2439
952,2439
953,2440
954,2440
955,2441
956,2441
957,2442
958,2442
959,2442
960,2443
961,2444
962,2444
963,2446
964,2446
965,2447
966,2447
967,2448
968,2448
969,2449
970,2449
971,2450
972,2450
973,2451
974,2451
975,2452
976,2452
977,2453
978,2453
979,2454
980,2454
981,2455
982,2455
983,2456
984,2456
985,2457
986,2457
987,2458
988,2458
989,2459
990,2459
991,2459
992,2460
993,2460
994,2461
995,2461
996,2462
997,2462
998,2463
999,2463
1000,2464
1001,2464
1002,2465
1003,2465
1004,2466
1005,2466
1006,2467
1007,2467
1008,2468
1009,2468
1010,2469
1011,2469
1012,2471
1013,2471
1014,2472
1015,2472
1016,2473
1017,2473
1018,2474
1019,2474
1020,2475
1021,2475
1022,2476
1023,2476
1024,2477
1025,2477
1026,2478
1027,2478
1028,2479
1029,2480
1030,2480
1031,2481
1032,2481
1033,2482
1034,2482
1035,2483
1036,2483
1037,2484
1038,2484
1039,2485
1040,2485
1041,2486
1042,2486
1043,2488
1044,2488
1045,2489
1046,2489
1047,2491
1048,2491
1049,2492
1050,2492
1051,2493
1052,2493
1053,2494
1054,2494
1055,2495
1056,2495
1057,2495
1058,2496
1059,2497
1060,2498
1061,2498
1062,2499
1063,2499
1064,2501
1065,2504
1066,2505
1067,2506
1068,2509
1069,2511
1070,2514
1071,2515
1072,2516
1073,2520
1074,2524
1075,2526
1076,2527
1077,2528
1078,2530
1079,2534
1080,2535
1081,2536
1082,2537
1083,2538
1084,2539
1085,2540
1086,2542
1087,2543
1088,2545
1089,2546
1090,2547
1091,2548
1092,2596
1093,2597
1094,2601
1095,2603
1096,2605
1097,2606
1098,2607
1099,2608
1100,2609
1101,2610
1102,2611
1103,2612
1104,2613
1105,2614
1106,2614
1107,2615
1108,2616
1109,2617
1110,2618
1111,2630
1112,2633
1113,2634
1114,2636
1115,2637
1116,2640
1117,2640
1118,2641
1119,2642
1120,2643
1121,2645
1122,2701
1123,2701
1124,2702
1125,2702
1126,2704
1127,2704
1128,2705
1129,2705
1130,2706
1131,2706
1132,2707
1133,2707
1134,2712
1135,2712
1136,2718
1137,2718
1138,2718
1139,2719
1140,2719
1141,2722
1142,2722
1143,2723
1144,2723
1145,2724
1146,2724
1147,2726
1148,2726
1149,2727
1150,2727
1151,2729
1152,2729
1153,2731
1154,2731
1155,2732
1156,2732
1157,2734
1158,2734
1159,2736
1160,2736
1161,2739
1162,2739
1163,2740
1164,2740
1165,2743
1166,2743
1167,2745
1168,2745
1169,2748
1170,2748
1171,2752
1172,2752
1173,2753
1174,2753
1175,2754
1176,2754
1177,2755
1178,2755
1179,2756
1180,2756
1181,2762
1182,2801
1183,2807
1184,2809
1185,2812
1186,2816
1187,2820
1188,2823
1189,2827
1190,2831
1191,2832
1192,2833
1193,2833A
1194,2834
1195,2836
1196,2836A
1197,2837
1198,2838
1199,2838A
1200,2841
1201,2845
1202,2847
1203,2849
1204,2850
1205,2851
1206,2852
1207,2854
1208,2855
1209,2856
1210,2867
1211,2880
1212,2881
1213,2881A
1214,2881B
1215,2881C
1216,2882
1217,2882A
1218,2882B
1219,2883
1220,2883A
1221,2883B
1222,2884
1223,2885
1224,2886
1225,2887
1226,2887C
1227,2887E
1228,2887F
1229,2887Z1
1230,2888
1231,2888A
1232,2888B
1233,2889
1234,2890
1235,2891
1236,2891A
1237,2891B
1238,2891C
1239,2892
1240,2897
1241,2897A
1242,2901
1243,2903
1244,2904
1245,2905
1246,2906
1247,2908
1248,2910
1249,2911
1250,2912
1251,2913
1252,2915
1253,2916
1254,2916
1255,2923
1256,2924
1257,2924
1258,2926
1259,2928
1260,2929
1261,2936
1262,2937
1263,2937
1264,2939
1265,2945
1266,2947
1267,2947
1268,2948
1269,2949
1270,3002
1271,3002
1272,3003
1273,3003
1274,3004
1275,3005
1276,3005
1277,3006
1278,3006
1279,3007
1280,3008
1281,3008
1282,3009
1283,3009
1284,3010
1285,3010
1286,3011
1287,3011
1288,3013
1289,3013
1290,3014
1291,3014
1292,3015
1293,3015
1294,3016
1295,3016
1296,3017
1297,3017
1298,3018
1299,3018
1300,3019
1301,3019
1302,3020
1303,3020
1304,3021
1305,3021
1306,3022
1307,3022
1308,3023
1309,3023
1310,3024
1311,3024
1312,3025
1313,3025
1314,3026
1315,3026
1316,3027
1317,3027
1318,3028
1319,3028
1320,3029
1321,3029
1322,3030
1323,3030
1324,3031
1325,3031
1326,3032
1327,3032
1328,3033
1329,3033
1330,3034
1331,3034
1332,3035
1333,3035
1334,3036
1335,3036
1336,3036A
1337,3036A
1338,3037
1339,3037
1340,3038
1341,3038
1342,3040
1343,3041
1344,3041
1345,3042
1346,3042
1347,3043
1348,3043
1349,3044
1350,3044
1351,3045
1352,3045
1353,3046
1354,3046
1355,3047
1356,3047
1357,3048
1358,3048
1359,3049
1360,3049
1361,3050
1362,3050
1363,3051
1364,3051
1365,3052
1366,3053
1367,3053
1368,3054
1369,3054
1370,3054
1371,3055
1372,3055
1373,3056
1374,3057
1375,3057
1376,3058
1377,3058
1378,3059
1379,3059
1380,3060
1381,3060
1382,3061
1383,3061
1384,3062
1385,3062
1386,3063
1387,3063
1388,3064
1389,3066
1390,3067
1391,3071
1392,3073
1393,3073
1394,3078
1395,3080
1396,3080
1397,3081
1398,3083
1399,3085
1400,3085
1401,3086
1402,3088
1403,3089
1404,3090
1405,3090
1406,3092
1407,3092
1408,3092
1409,3093
1410,3094
1411,3094
1412,3095
1413,3105
1414,3114
1415,3115
1416,3118
1417,3122
1418,3128
1419,3130
1420,3130
1421,3130
1422,3131
1423,3138
1424,3138
1425,3141
1426,3142
1427,3144
1428,3147
1429,3149
1430,3149
1431,3152
1432,3162
1433,3163
1434,3164
1435,3164
1436,3167
1437,3169
1438,3171
1439,3171
1440,3176
1441,3178
1442,3178
1443,3188
1444,3189
1445,3189
1446,3191
1447,3202
1448,3205
1449,3206
1450,3207
1451,3209
1452,3209
1453,3211
1454,3213
1455,3214
1456,3217
1457,3218
1458,3219
1459,3219
1460,3221
1461,3224
1462,3226
1463,3227
1464,3228
1465,3229
1466,3229
1467,3230
1468,3231
1469,3231
1470,3232
1471,3234
1472,3236
1473,3252
1474,3252
1475,3257
1476,3257
1477,3259
1478,3260
1479,3264
1480,3265
1481,3266
1482,3268
1483,3271
1484,3271
1485,3272
1486,3276
1487,3284
1488,3285
1489,3287
1490,3288
1491,3289
1492,3290
1493,3293
1494,3294
1495,3296
1496,3296
1497,3297
1498,3303
1499,3305
1500,3305
1501,3306
1502,3308
1503,3308
1504,3310
1505,3311
1506,3311
1507,3312
1508,3312
1509,3313
1510,3313
1511,3315
1512,3315
1513,3317
1514,3321
1515,3321
1516,3322
1517,3323
1518,3324
1519,3325
1520,3332
1521,3338
1522,3338
1523,3339
1524,3346
1525,3349
1526,3354
1527,3356
1528,3356
1529,3357
1530,3360
1531,3362
1532,3363
1533,3367
1534,3367
1535,3372
1536,3373
1537,3374
1538,3376
1539,3376
1540,3379
1541,3380
1542,3380
1543,3383
1544,3383
1545,3388
1546,3390
1547,3402
1548,3406
1549,3406
1550,3413
1551,3413
1552,3416
1553,3416
1554,3419
1555,3419
1556,3426
1557,3430
1558,3432
1559,3432
1560,3434
1561,3437
1562,3437
1563,3438
1564,3441
1565,3443
1566,3443
1567,3444
1568,3447
1569,3447
1570,3450
1571,3450
1572,3450
1573,3454
1574,3454
1575,3455
1576,3465
1577,3466
1578,3474
1579,3474
1580,3479
1581,3481
1582,3481
1583,3483
1584,3484
1585,3489
1586,3490
1587,3491
1588,3492
1589,3494
1590,3494
1591,3498
1592,3499
1593,3501
1594,3501
1595,3504
1596,3504
1597,3508
1598,3511
1599,3512
1600,3512
1601,3514
1602,3514
1603,3515
1604,3515
1605,3516
1606,3518
1607,3518
1608,3519
1609,3519
1610,3520
1611,3521
1612,3522
1613,3522
1614,3523
1615,3526
1616,3527
1617,3528
1618,3528
1619,3529
1620,3530
1621,3530
1622,3531
1623,3532
1624,3532
1625,3533
1626,3533
1627,3534
1628,3534
1629,3535
1630,3535
1631,3536
1632,3536
1633,3537
1634,3540
1635,3541
1636,3543
1637,3543
1638,3545
1639,3545
1640,3546
1641,3548
1642,3550
1643,3550
1644,3551
1645,3551
1646,3552
1647,3555
1648,3556
1649,3557
1650,3557
1651,3558
1652,3559
1653,3559
1654,3561
1655,3561
1656,3563
1657,3563
1658,3564
1659,3567
1660,3570
1661,3573
1662,3573
1663,3576
1664,3576
1665,3577
1666,3579
1667,3579
1668,3580
1669,3581
1670,3583
1671,3583
1672,3584
1673,3584
1674,3587
1675,3588
1676,3588
1677,3591
1678,3591
1679,3592
1680,3592
1681,3593
1682,3593
1683,3594
1684,3596
1685,3596
1686,3597
1687,3598
1688,3598
1689,3599
1690,3599
1691,3605
1692,3605
1693,3607
1694,3607
1695,3609
1696,3611
1697,3614
1698,3614
1699,3615
1700,3617
1701,3617
1702,3622
1703,3622
1704,3623
1705,3624
1706,3625
1707,3628
1708,3629
1709,3629
1710,3630
1711,3631
1712,3632
1713,3638
1714,3638
1715,3642
1716,3645
1717,3645
1718,3646
1719,3652
1720,3652
1721,3652
1722,3653
1723,3653
1724,3661
1725,3661
1726,3663
1727,3664
1728,3665
1729,3665
1730,3666
1731,3669
1732,3669
1733,3669
1734,3672
1735,3673
1736,3673
1737,3675
1738,3679
1739,3679
1740,3680
1741,3682
1742,3682
1743,3684
1744,3685
1745,3685
1746,3686
1747,3686
1748,3687
1749,3687
1750,3687
1751,3689
1752,3691
1753,3693
1754,3694
1755,3694
1756,3697
1757,3697
1758,3698
1759,3698
1760,3701
1761,3701
1762,3702
1763,3702
1764,3702A
1765,3702A
1766,3703
1767,3704
1768,3704
1769,3705
1770,3705
1771,3706
1772,3706
1773,3707
1774,3708
1775,3708
1776,3708
1777,3709
1778,3710
1779,3711
1780,3711
1781,3712
1782,3712
1783,3713
1784,3713
1785,3714
1786,3714
1787,3715
1788,3715
1789,4102
1790,4104
1791,4104
1792,4105
1793,4106
1794,4106
1795,4107
1796,4108
1797,4108
1798,4109
1799,4111
1800,4113
1801,4114
1802,4116
1803,4119
1804,4119
1805,4120
1806,4121
1807,4123
1808,4126
1809,4127
1810,4128
1811,4129
1812,4129A
1813,4130
1814,4131
1815,4133
1816,4133
1817,4137
1818,4137
1819,4138
1820,4139
1821,4141
1822,4141
1823,4142
1824,4142
1825,4144
1826,4144
1827,4147
1828,4148
1829,4148
1830,4152
1831,4153
1832,4154
1833,4154
1834,4155
1835,4155
1836,4157
1837,4160
1838,4161
1839,4162
1840,4163
1841,4164
1842,4164
1843,4167
1844,4168
1845,4171
1846,4173
1847,4174
1848,4175
1849,4183
1850,4188
1851,4190
1852,4190
1853,4192
1854,4198
1855,4205
1856,4207
1857,4303
1858,4304
1859,4305
1860,4306
1861,4401
1862,4402
1863,4406
1864,4413
1865,4414
1866,4416
1867,4417
1868,4419
1869,4420
1870,4426
1871,4429
1872,4430
1873,4432
1874,4433
1875,4438
1876,4439
1877,4440
1878,4442
1879,4502
1880,4503
1881,4506
1882,4510
1883,4513
1884,4523
1885,4526
1886,4527
1887,4528
1888,4529
1889,4530
1890,4530
1891,4532
1892,4533
1893,4534
1894,4535
1895,4536
1896,4536
1897,4538
1898,4540
1899,4541
1900,4542
1901,4543
1902,4545
1903,4545
1904,4549
1905,4550
1906,4551
1907,4552
1908,4554
1909,4555
1910,4556
1911,4557
1912,4558
1913,4560
1914,4561
1915,4562
1916,4563
1917,4564
1918,4566
1919,4568
1920,4569
1921,4571
1922,4572
1923,4576
1924,4577
1925,4580
1926,4581
1927,4583
1928,4584
1929,4588
1930,4588
1931,4609
1932,4609
1933,4702
1934,4702
1935,4706
1936,4707
1937,4711
1938,4712
1939,4714
1940,4716
1941,4720
1942,4720
1943,4721
1944,4722
1945,4722
1946,4725
1947,4725
1948,4726
1949,4728
1950,4729
1951,4733
1952,4733
1953,4735
1954,4736
1955,4736
1956,4736
1957,4737
1958,4737
1959,4739
1960,4739
1961,4741
1962,4743
1963,4744
1964,4745
1965,4746
1966,4746
1967,4747
1968,4754
1969,4755
1970,4755
1971,4760
1972,4763
1973,4763
1974,4764
1975,4764
1976,4766
1977,4766
1978,4767
1979,4768
1980,4770
1981,4770
1982,4771
1983,4771
1984,4803
1985,4804
1986,4804
1987,4806
1988,4807
1989,4903
1990,4904
1991,4904
1992,4905
1993,4906
1994,4906
1995,4907
1996,4908
1997,4909
1998,4911
1999,4912
2000,4912
2001,4915
2002,4915
2003,4916
2004,4916
2005,4919
2006,4919
2007,4923
2008,4924
2009,4927
2010,4927
2011,4930
2012,4931
2013,4933
2014,4934
2015,4934
2016,4935
2017,4935
2018,4938
2019,4938
2020,4939
2021,4942
2022,4942
2023,4943
2024,4943
2025,4944
2026,4945
2027,4946
2028,4950
2029,4951
2030,4952
2031,4952
2032,4953
2033,4956
2034,4956
2035,4958
2036,4958
2037,4960
2038,4960
2039,4961
2040,4961
2041,4966
2042,4967
2043,4967
2044,4968
2045,4968
2046,4971
2047,4972
2048,4973
2049,4974
2050,4976
2051,4976
2052,4977
2053,4977
2054,4979
2055,4984
2056,4984
2057,4987
2058,4989
2059,4989
2060,4991
2061,4994
2062,4994
2063,4995
2064,4999
2065,4999
2066,5007
2067,5009
2068,5011
2069,5013
2070,5014
2071,5015
2072,5016
2073,5102
2074,5201
2075,5202
2076,5203
2077,5203
2078,5205
2079,5205
2080,5206
2081,5209
2082,5209
2083,5210
2084,5211
2085,5212
2086,5213
2087,5215
2088,5215
2089,5220
2090,5222
2091,5222
2092,5223
2093,5225
2094,5225
2095,5227
2096,5228
2097,5230
2098,5234
2099,5234
2100,5236
2101,5243
2102,5243
2103,5244
2104,5244
2105,5245
2106,5251
2107,5258
2108,5258
2109,5259
2110,5259
2111,5263
2112,5264
2113,5264
2114,5269
2115,5269
2116,5272
2117,5274
2118,5276
2119,5278
2120,5278
2121,5280
2122,5280
2123,5281
2124,5283
2125,5284
2126,5285
2127,5285
2128,5287
2129,5287
2130,5288
2131,5289
2132,5291
2133,5292
2134,5299
2135,5301
2136,5301
2137,5302
2138,5304
2139,5305
2140,5305
2141,5306
2142,5306
2143,5309
2144,5310
2145,5312
2146,5314
2147,5315
2148,5321
2149,5321
2150,5321
2151,5324
2152,5328
2153,5340
2154,5344
2155,5345
2156,5345
2157,5347
2158,5348
2159,5349
2160,5351
2161,5353
2162,5355
2163,5356
2164,5364
2165,5364
2166,5371
2167,5381
2168,5383
2169,5386
2170,5388
2171,5388
2172,5392
2173,5398
2174,5403
2175,5410
2176,5425
2177,5426
2178,5432
2179,5434
2180,5434
2181,5438
2182,5439
2183,5443
2184,5450
2185,5450
2186,5452
2187,5455
2188,5457
2189,5460
2190,5464
2191,5465
2192,5468
2193,5469
2194,5469
2195,5471
2196,5471
2197,5474
2198,5475
2199,5478
2200,5481
2201,5481
2202,5483
2203,5484
2204,5484
2205,5487
2206,5488
2207,5489
2208,5490
2209,5493
2210,5498
2211,5508
2212,5511
2213,5512
2214,5514
2215,5515
2216,5516
2217,5519
2218,5520
2219,5521
2220,5522
2221,5523
2222,5525
2223,5529
2224,5530
2225,5531
2226,5533
2227,5534
2228,5536
2229,5538
2230,5543
2231,5546
2232,5548
2233,5601
2234,5603
2235,5604
2236,5604
2237,5607
2238,5608
2239,5609
2240,5701
2241,5701
2242,5703
2243,5703
2244,5704
2245,5704
2246,5706
2247,5706
2248,5820
2249,5854
2250,5864
2251,5871
2252,5871A
2253,5876
2254,5878
2255,5880
2256,5902
2257,5902
2258,5903
2259,5903
2260,5904
2261,5904
2262,5905
2263,5905
2264,5906
2265,5907
2266,6004
2267,6005
2268,6012
2269,6015
2270,6016
2271,6020
2272,6021
2273,6023
2274,6024
2275,6026
2276,6101
2277,6103
2278,6104
2279,6108
2280,6108
2281,6109
2282,6111
2283,6112
2284,6112
2285,6113
2286,6114
2287,6115
2288,6115
2289,6116
2290,6116
2291,6117
2292,6117
2293,6118
2294,6119
2295,6119
2296,6120
2297,6120
2298,6121
2299,6122
2300,6123
2301,6123
2302,6124
2303,6125
2304,6126
2305,6127
2306,6128
2307,6128
2308,6129
2309,6130
2310,6131
2311,6131
2312,6133
2313,6133
2314,6134
2315,6136
2316,6136
2317,6138
2318,6139
2319,6139
2320,6140
2321,6141
2322,6141
2323,6142
2324,6142
2325,6143
2326,6144
2327,6145
2328,6145
2329,6146
2330,6147
2331,6148
2332,6150
2333,6151
2334,6152
2335,6152
2336,6153
2337,6153
2338,6154
2339,6155
2340,6155
2341,6156
2342,6158
2343,6160
2344,6161
2345,6163
2346,6164
2347,6164
2348,6165
2349,6165
2350,6165
2351,6165
2352,6166
2353,6166
2354,6167
2355,6168
2356,6168
2357,6169
2358,6170
2359,6171
2360,6172
2361,6172
2362,6173
2363,6174
2364,6175
2365,6176
2366,6176
2367,6177
2368,6179
2369,6180
2370,6182
2371,6183
2372,6183
2373,6184
2374,6185
2375,6186
2376,6187
2377,6188
2378,6189
2379,6189
2380,6190
2381,6191
2382,6191
2383,6192
2384,6192
2385,6194
2386,6195
2387,6195
2388,6196
2389,6196
2390,6197
2391,6197
2392,6198
2393,6199
2394,6201
2395,6201
2396,6202
2397,6202
2398,6203
2399,6204
2400,6205
2401,6205
2402,6206
2403,6206
2404,6207
2405,6208
2406,6209
2407,6209
2408,6210
2409,6212
2410,6213
2411,6213
2412,6214
2413,6214
2414,6215
2415,6215
2416,6216
2417,6216
2418,6217
2419,6218
2420,6219
2421,6220
2422,6221
2423,6222
2424,6223
2425,6224
2426,6224
2427,6225
2428,6225
2429,6226
2430,6226
2431,6227
2432,6228
2433,6229
2434,6230
2435,6230
2436,6231
2437,6233
2438,6234
2439,6235
2440,6235
2441,6236
2442,6237
2443,6238
2444,6239
2445,6239
2446,6240
2447,6240
2448,6241
2449,6242
2450,6243
2451,6243
2452,6244
2453,6245
2454,6246
2455,6247
2456,6248
2457,6251
2458,6251
2459,6255
2460,6255
2461,6257
2462,6257
2463,6259
2464,6261
2465,6263
2466,6264
2467,6265
2468,6266
2469,6269
2470,6269
2471,6270
2472,6271
2473,6271
2474,6274
2475,6275
2476,6275
2477,6276
2478,6277
2479,6277
2480,6278
2481,6278
2482,6279
2483,6280
2484,6281
2485,6281
2486,6282
2487,6282
2488,6283
2489,6283
2490,6284
2491,6285
2492,6285
2493,6286
2494,6286
2495,6287
2496,6288
2497,6289
2498,6289
2499,6290
2500,6291
2501,6292
2502,6294
2503,6404
2504,6405
2505,6405
2506,6409
2507,6409
2508,6411
2509,6412
2510,6412
2511,6414
2512,6414
2513,6415
2514,6415
2515,6416
2516,6416
2517,6417
2518,6418
2519,6419
2520,6422
2521,6422
2522,6425
2523,6426
2524,6426
2525,6426
2526,6431
2527,6431
2528,6431
2529,6431
2530,6432
2531,6435
2532,6438
2533,6438
2534,6438
2535,6441
2536,6442
2537,6442
2538,6443
2539,6443
2540,6446
2541,6446
2542,6446
2543,6449
2544,6449
2545,6451
2546,6451
2547,6452
2548,6452
2549,6456
2550,6456
2551,6457
2552,6461
2553,6462
2554,6464
2555,6465
2556,6469
2557,6470
2558,6472
2559,6472
2560,6472
2561,6477
2562,6477
2563,6482
2564,6485
2565,6486
2566,6488
2567,6491
2568,6491
2569,6492
2570,6494
2571,6496
2572,6497
2573,6499
2574,6504
2575,6505
2576,6506
2577,6506
2578,6508
2579,6509
2580,6510
2581,6512
2582,6514
2583,6515
2584,6515
2585,6516
2586,6517
2587,6523
2588,6525
2589,6525
2590,6526
2591,6526
2592,6527
2593,6530
2594,6531
2595,6531
2596,6532
2597,6533
2598,6533
2599,6534
2600,6535
2601,6538
2602,6541
2603,6541
2604,6542
2605,6546
2606,6547
2607,6548
2608,6550
2609,6550
2610,6552
2611,6552
2612,6556
2613,6558
2614,6558
2615,6560
2616,6561
2617,6568
2618,6569
2619,6570
2620,6573
2621,6573
2622,6574
2623,6576
2624,6577
2625,6578
2626,6579
2627,6579
2628,6581
2629,6581
2630,6582
2631,6584
2632,6585
2633,6588
2634,6589
2635,6590
2636,6591
2637,6591
2638,6592
2639,6592A
2640,6592B
2641,6593
2642,6594
2643,6596
2644,6598
2645,6598
2646,6603
2647,6605
2648,6606
2649,6609
2650,6612
2651,6613
2652,6615
2653,6616
2654,6616
2655,6624
2656,6624
2657,6625
2658,6629
2659,6629
2660,6640
2661,6641
2662,6641
2663,6642
2664,6643
2665,6645
2666,6649
2667,6651
2668,6654
2669,6655
2670,6657
2671,6657
2672,6658
2673,6658
2674,6661
2675,6662
2676,6664
2677,6666
2678,6666
2679,6667
2680,6668
2681,6668
2682,6669
2683,6669
2684,6670
2685,6670
2686,6671
2687,6671
2688,6672
2689,6672
2690,6674
2691,6674
2692,6679
2693,6680
2694,6683
2695,6684
2696,6689
2697,6689
2698,6689
2699,6690
2700,6690
2701,6691
2702,6691
2703,6692
2704,6693
2705,6695
2706,6695
2707,6697
2708,6698
2709,6698
2710,6702
2711,6703
2712,6706
2713,6706
2714,6708
2715,6712
2716,6715
2717,6715
2718,6716
2719,6719
2720,6719
2721,6721
2722,6727
2723,6728
2724,6728
2725,6732
2726,6733
2727,6735
2728,6741
2729,6741
2730,6742
2731,6742
2732,6743
2733,6743
2734,6747
2735,6751
2736,6752
2737,6753
2738,6754
2739,6754
2740,6756
2741,6756
2742,6757
2743,6761
2744,6762
2745,6763
2746,6763
2747,6767
2748,6768
2749,6768
2750,6770
2751,6770
2752,6776
2753,6776
2754,6781
2755,6781
2756,6782
2757,6782
2758,6785
2759,6788
2760,6789
2761,6789
2762,6790
2763,6791
2764,6792
2765,6792
2766,6796
2767,6796
2768,6799
2769,6799
2770,6803
2771,6803
2772,6804
2773,6804
2774,6805
2775,6805
2776,6806
2777,6806
2778,6807
2779,6807
2780,6811
2781,6811
2782,6821
2783,6823
2784,6829
2785,6830
2786,6830
2787,6834
2788,6834
2789,6835
2790,6835
2791,6840
2792,6841
2793,6843
2794,6844
2795,6846
2796,6854
2797,6854
2798,6855
2799,6856
2800,6859
2801,6861
2802,6861
2803,6863
2804,6863
2805,6865
2806,6869
2807,6869
2808,6870
2809,6873
2810,6873
2811,6874
2812,6877
2813,6894
2814,6895
2815,6901
2816,6902
2817,6904
2818,6906
2819,6916
2820,6916
2821,6922
2822,6933
2823,6933
2824,6937
2825,6937
2826,6949
2827,708785
2828,709403
2829,709966
2830,709972
2831,709983
2832,709985
2833,709994
2834,710499
2835,710502
2836,710505
2837,710509
2838,710510
2839,710516
2840,710533
2841,710534
2842,710553
2843,710560
2844,710561
2845,710566
2846,710569
2847,710575
2848,710590
2849,711126
2850,711127
2851,711131
2852,711132
2853,711133
2854,711134
2855,711135
2856,711137
2857,711139
2858,711140
2859,711141
2860,711145
2861,73107P
2862,73193P
2863,7402
2864,7556
2865,8008
2866,8008
2867,8011
2868,8011
2869,8016
2870,8016
2871,8021
2872,8021
2873,8024
2874,8027
2875,8028
2876,8028
2877,8032
2878,8033
2879,8034
2880,8038
2881,8039
2882,8039
2883,8040
2884,8042
2885,8043
2886,8044
2887,8044
2888,8046
2889,8046
2890,8047
2891,8048
2892,8049
2893,8050
2894,8054
2895,8059
2896,8064
2897,8066
2898,8066
2899,8067
2900,8068
2901,8069
2902,8070
2903,8070
2904,8071
2905,8072
2906,8072
2907,8074
2908,8076
2909,8077
2910,8077
2911,8078
2912,8078
2913,8080
2914,8080
2915,8081
2916,8081
2917,8083
2918,8084
2919,8085
2920,8086
2921,8087
2922,8087
2923,8088
2924,8089
2925,8091
2926,8092
2927,8093
2928,8096
2929,8097
2930,8099
2931,8101
2932,8101
2933,8103
2934,8103
2935,8104
2936,8104
2937,8105
2938,8105
2939,8107
2940,8109
2941,8110
2942,8110
2943,8111
2944,8112
2945,8112
2946,8112A
2947,8112A
2948,8114
2949,8114
2950,8121
2951,8131
2952,8131
2953,8147
2954,8150
2955,8150
2956,8155
2957,8162
2958,8163
2959,8163
2960,8171
2961,8171
2962,8176
2963,8182
2964,8183
2965,8199
2966,8199
2967,8201
2968,8201
2969,8210
2970,8210
2971,8213
2972,8213
2973,8215
2974,8215
2975,8222
2976,8227
2977,8234
2978,8240
2979,8249
2980,8249
2981,8255
2982,8261
2983,8261
2984,8271
2985,8271
2986,8277
2987,8279
2988,8284
2989,8289
2990,8291
2991,8299
2992,8341
2993,8341
2994,8342
2995,8349
2996,8349A
2997,8354
2998,8354
2999,8358
3000,8367
3001,8374
3002,8383
3003,8390
3004,8390
3005,8401
3006,8403
3007,8404
3008,8406
3009,8409
3010,8410
3011,8411
3012,8415
3013,8416
3014,8418
3015,8420
3016,8420
3017,8421
3018,8422
3019,8422
3020,8423
3021,8423
3022,8424
3023,8426
3024,8427
3025,8429
3026,8431
3027,8432
3028,8433
3029,8433
3030,8435
3031,8436
3032,8437
3033,8438
3034,8438
3035,8440
3036,8440
3037,8442
3038,8443
3039,8444
3040,8446
3041,8450
3042,8454
3043,8454
3044,8455
3045,8462
3046,8462
3047,8462
3048,8463
3049,8464
3050,8464
3051,8466
3052,8467
3053,8467
3054,8472
3055,8472
3056,8473
3057,8473
3058,8476
3059,8476
3060,8476
3061,8477
3062,8477
3063,8478
3064,8478
3065,8480
3066,8481
3067,8482
3068,8482
3069,8488
3070,8489
3071,8489
3072,8497
3073,8499
3074,8499
3075,8499
3076,8905
3077,8906
3078,8908
3079,8916
3080,8916A
3081,8917
3082,8921
3083,8923
3084,8924
3085,8924
3086,8926
3087,8927
3088,8928
3089,8928
3090,8929
3091,8930
3092,8931
3093,8932
3094,8933
3095,8933
3096,8934
3097,8935
3098,8936
3099,8937
3100,8938
3101,8938
3102,8940
3103,8940
3104,8941
3105,8941
3106,8942
3107,8996
3108,910069
3109,9101
3110,9102
3111,9103
3112,910322
3113,9104
3114,910482
3115,9105
3116,910579
3117,9106
3118,910708
3119,910801
3120,910861
3121,910948
3122,9110
3123,911201
3124,911602
3125,911606
3126,911608
3127,911609
3128,911610
3129,911611
3130,911612
3131,911616
3132,911619
3133,911622
3134,911626
3135,911868
3136,912000
3137,912398
3138,9136
3139,913889
3140,9151
3141,9157
3142,916665
3143,9188
3144,9801
3145,9802
3146,9802
3147,9902
3148,9904
3149,9904
3150,9905
3151,9906
3152,9907
3153,9908
3154,9910
3155,9910
3156,9911
3157,9911
3158,9912
3159,9912
3160,9914
3161,9914
3162,9915
3163,9917
3164,9918
3165,9919
3166,9921
3167,9921
3168,9922
3169,9924
3170,9924
3171,9925
3172,9926
3173,9927
3174,9928
3175,9929
3176,9930
3177,9930
3178,9931
3179,9933
3180,9934
3181,9934
3182,9935
3183,9935
3184,9937
3185,9938
3186,9939
3187,9940
3188,9941
3189,9941A
3190,9942
3191,9943
3192,9943
3193,9944
3194,9945
3195,9946
3196,9949
3197,9950
3198,9951
3199,9955
3200,9955
3201,9958
3202,9960
3203,9960
3204,9962
3205,Automobile
3206,BiotechnologyMedicalCare
3207,BuildingMaterialConstruction
3208,Cement
3209,Chemical
3210,ChemicalBiotechnologyMedicalCare
3211,CommunicationsInternet
3212,ComputerPeripheralEquipment
3213,ElectricalCable
3214,ElectricMachinery
3215,Electronic
3216,ElectronicPartsComponents
3217,ElectronicProductsDistribution
3218,FinancialInsurance
3219,Food
3220,GlassCeramic
3221,InformationService
3222,IronSteel
3223,OilGasElectricity
3224,Optoelectronic
3225,Other
3226,OtherElectronic
3227,PaperPulp
3228,Plastics
3229,Rubber
3230,Semiconductor
3231,ShippingTransportation
3232,TAIEX
3233,Textiles
3234,Tourism
3235,TPEx
3236,TradingConsumersGoods
