date,stock_id,Trading_Volume,Trading_money,open,max,min,close,spread,Trading_turnover
2010-01-04,0050,20083125,1132155005,56.45,56.65,56.05,56.5,0.05,1624
2010-01-05,0050,16453854,932015376,56.8,56.9,56.15,56.5,0,1866
2010-01-06,0050,19012172,1087143829,56.5,57.75,56.5,57.55,1.05,2958
2010-01-08,0050,11342752,651830965,57.3,57.75,57.05,57.75,0.35,1493
2010-01-11,0050,11581081,670025579,57.1,58.05,57.1,57.9,0.15,1636
2010-01-12,0050,7306217,420473484,57.55,57.85,57.25,57.6,-0.3,1329
2010-01-13,0050,16686518,948986977,57.05,57.15,56.7,56.75,-0.85,2021
2010-01-14,0050,9978365,570406499,56.8,57.6,56.8,57.45,0.7,1208
2010-01-15,0050,8425543,485743844,57.35,57.95,57.35,57.8,0.35,1020
2010-01-18,0050,5019674,288586818,57.45,57.7,57.3,57.5,-0.3,767
2010-01-19,0050,6724054,382797005,57.5,57.7,56.5,56.75,-0.75,1461
2010-01-20,0050,23397890,1318003114,56.8,56.95,56.1,56.4,-0.35,1627
2010-01-21,0050,13862156,776395581,56.15,56.4,55.75,55.95,-0.45,1880
2010-01-22,0050,29477562,1612081382,55.2,55.2,54.35,54.4,-1.55,3929
2010-01-25,0050,12845252,695785374,53.95,54.45,53.8,54.2,-0.2,2147
2010-01-26,0050,26395774,1416284559,54.15,54.55,52.75,52.95,-1.25,4558
2010-01-27,0050,14855839,787198926,52.95,53.3,52.7,52.9,-0.05,2182
2010-01-28,0050,12622891,676089714,53.1,54.2,53.1,54.05,1.15,1822
2010-01-29,0050,13799786,727944433,52.95,53.25,52.2,53,-1.05,2804
2010-02-01,0050,19637117,1030361997,53.15,53.2,51.95,52.4,-0.6,2590
2010-02-02,0050,11987878,625747966,52.95,52.95,51.6,51.85,-0.55,2350
2010-02-03,0050,13598236,714184048,52.1,52.8,52.05,52.75,0.9,1744
2010-02-04,0050,5940528,312541875,52.75,52.85,52.35,52.55,-0.2,982
2010-02-05,0050,24216962,1231585083,51.25,51.3,50.5,50.75,-1.8,5321
2010-02-08,0050,18165694,924930778,51.05,51.2,50.7,50.85,-0.35,1878
2010-02-09,0050,11269571,578396177,50.85,51.65,50.75,51.55,0.7,2082
2010-02-10,0050,11276655,586447115,51.95,52.25,51.7,52.1,0.55,2214
2010-02-22,0050,11224937,594117801,53.05,53.15,52.6,52.6,0.5,2098
2010-02-23,0050,9598427,504580432,52.6,52.75,52.2,52.6,0,1240
2010-02-24,0050,11037905,577819651,52.15,52.55,52.15,52.25,-0.35,1024
2010-02-25,0050,20470988,1062022326,52.25,52.3,51.35,51.65,-0.6,2193
2010-02-26,0050,9391284,483837797,51.65,51.75,51.2,51.55,-0.1,1366
2010-03-01,0050,13647130,715419506,51.5,52.95,51.5,52.8,1.25,2066
2010-03-02,0050,9997438,528112268,52.75,53.1,52.55,52.65,-0.15,1225
2010-03-03,0050,8764746,462426932,52.7,53.1,52.5,52.65,0,1041
2010-03-04,0050,8149453,426373974,52.75,52.9,51.8,52.2,-0.45,1295
2010-03-05,0050,13619167,720117212,52.85,53.2,52.5,52.95,0.75,1541
2010-03-08,0050,16985546,907762324,53.3,53.65,53.25,53.65,0.7,2472
2010-03-09,0050,7770200,417203238,53.7,53.8,53.55,53.8,0.15,1070
2010-03-10,0050,6842414,367950915,53.85,53.95,53.45,53.8,0,1009
2010-03-11,0050,6657965,358344611,54,54,53.5,53.65,-0.15,1013
2010-03-12,0050,12617367,675578756,53.7,53.7,53.4,53.6,-0.05,753
2010-03-15,0050,10347597,548486587,53.5,53.55,52.7,52.85,-0.75,1374
2010-03-16,0050,13206323,698390628,52.8,53.1,52.75,53.1,0.25,869
2010-03-17,0050,14910569,802914397,53.45,54.15,53.4,54.15,1.05,2346
2010-03-18,0050,8609032,467282129,54.25,54.55,54.05,54.4,0.25,1693
2010-03-19,0050,5394422,292259307,54.45,54.45,54,54.25,-0.15,926
2010-03-22,0050,7376253,395093362,54,54,53.25,53.7,-0.55,1331
2010-03-23,0050,8078483,432328487,53.7,53.8,53.25,53.35,-0.35,1116
2010-03-24,0050,19134856,1025228740,53.5,53.75,53.45,53.5,0.15,1050
2010-03-25,0050,14547242,774041367,53.35,53.7,52.9,53.5,0,1523
2010-03-26,0050,11520708,617381687,53.25,54.15,52.9,54,0.5,1722
2010-03-29,0050,16278063,885608225,54.15,54.55,54.15,54.5,0.5,1980
2010-03-30,0050,7592145,413272436,54.5,54.55,54.35,54.45,-0.05,782
2010-03-31,0050,10909581,592799089,54.35,54.45,54.2,54.25,-0.2,1245
2010-04-01,0050,12561233,687176060,54.25,54.9,54.25,54.75,0.5,1709
2010-04-02,0050,5653319,309707002,54.75,54.9,54.65,54.75,0,852
2010-04-06,0050,15860446,878633030,54.9,55.55,54.9,55.3,0.55,2226
2010-04-07,0050,6597232,365506991,55.35,55.5,55.3,55.4,0.1,923
2010-04-08,0050,9030400,498542339,55.4,55.5,54.85,55.05,-0.35,1405
2010-04-09,0050,6178841,340098149,55,55.2,54.8,55.2,0.15,733
2010-04-12,0050,8812066,488117349,55.45,55.55,55.2,55.45,0.25,902
2010-04-13,0050,11543557,633544169,55.2,55.2,54.6,54.8,-0.65,1112
2010-04-14,0050,8277800,454766244,55,55.2,54.8,55.2,0.4,825
2010-04-15,0050,12427363,690185306,55.35,55.8,55.35,55.55,0.35,1266
2010-04-16,0050,11167998,615453484,55.5,55.5,54.9,55.2,-0.35,1118
2010-04-19,0050,14074788,763951383,54.65,54.65,53.65,53.65,-1.55,2513
2010-04-20,0050,6757051,364420104,53.9,54.1,53.75,53.85,0.2,1054
2010-04-21,0050,7299746,397399540,54.15,54.6,54.15,54.55,0.7,993
2010-04-22,0050,8147167,440887478,54.2,54.5,53.9,54.45,-0.1,922
2010-04-23,0050,8918587,487267163,54.45,54.75,54.45,54.75,0.3,1331
2010-04-26,0050,11153959,620844754,55.25,55.9,55.25,55.9,1.15,2162
2010-04-27,0050,5510962,307309125,55.9,55.95,55.6,55.85,-0.05,859
2010-04-28,0050,7436672,408343757,54.75,55.35,54.55,55.25,-0.6,1336
2010-04-29,0050,5085679,280045157,55.25,55.3,54.85,55,-0.25,657
2010-04-30,0050,5323236,294390784,55.4,55.7,54.7,54.8,-0.2,1128
2010-05-03,0050,5880214,320630347,54.5,54.85,54.25,54.45,-0.35,975
2010-05-04,0050,10132491,552286502,54.75,54.8,54.2,54.5,0.05,1084
2010-05-05,0050,20067366,1064924964,53.4,53.45,52.85,53,-1.5,3590
2010-05-06,0050,30653488,1601892614,52.95,52.95,51.8,51.95,-1.05,3956
2010-05-07,0050,28001716,1445694259,51.3,52,51.05,51.95,0,3301
2010-05-10,0050,11114830,578961008,52.15,52.5,51.85,52.4,0.45,1891
2010-05-11,0050,9244195,485470413,52.6,52.8,52.05,52.2,-0.2,1820
2010-05-12,0050,7850575,409831533,52.1,52.5,51.95,52.1,-0.1,953
2010-05-13,0050,8130823,430734345,52.65,53.4,52.6,53.25,1.15,1679
2010-05-14,0050,12843843,681354548,53.05,53.2,52.9,53.1,-0.15,963
2010-05-17,0050,12090447,628968119,52.6,52.6,51.7,51.9,-1.2,2360
2010-05-18,0050,5846434,303730047,52.1,52.2,51.8,52,0.1,1029
2010-05-19,0050,15988302,819466719,51.5,51.55,50.95,51.45,-0.55,2807
2010-05-20,0050,13856441,708054765,51.45,51.45,50.75,50.8,-0.65,2203
2010-05-21,0050,29922893,1486407923,50,50,49.3,49.75,-1.05,4866
2010-05-24,0050,6297256,316625250,49.9,50.55,49.9,50.45,0.7,1667
2010-05-25,0050,23038218,1133837721,50,50,48.65,49.12,-1.33,4756
2010-05-26,0050,14716336,724842670,49.74,49.8,49,49.32,0.2,2280
2010-05-27,0050,15866404,780824830,49.32,49.66,48.75,49.66,0.34,2237
2010-05-28,0050,9410589,470603619,50.1,50.3,49.76,49.87,0.21,2219
2010-05-31,0050,4494253,224528644,50,50.15,49.72,50.1,0.23,1137
2010-06-01,0050,5340983,266323650,50,50.2,49.6,49.83,-0.27,1366
2010-06-02,0050,8608494,425075982,49.52,49.83,48.8,49.05,-0.78,1985
2010-06-03,0050,5437137,272097302,49.8,50.2,49.75,50.2,1.15,1512
2010-06-04,0050,3336979,166897096,50.2,50.2,49.94,50.05,-0.15,613
2010-06-07,0050,15955142,773811848,48.85,48.85,48.3,48.74,-1.31,3896
2010-06-08,0050,6856351,332880063,48.7,48.7,48.31,48.56,-0.18,1739
2010-06-09,0050,7602297,366848778,48.5,48.65,47.95,48.18,-0.38,2345
2010-06-10,0050,5685546,275853354,48.18,48.89,48.18,48.85,0.67,1462
2010-06-11,0050,5728310,284381414,49.69,49.76,49.46,49.62,0.77,1817
2010-06-14,0050,5855818,294057725,50.2,50.4,50.05,50.35,0.73,1489
2010-06-15,0050,7668725,387384443,50.35,51.1,50.15,50.7,0.35,1564
2010-06-17,0050,5964793,304638509,51.1,51.25,50.85,51.05,0.35,1361
2010-06-18,0050,3037985,154626975,51.05,51.15,50.65,50.9,-0.15,874
2010-06-21,0050,15785339,818409028,51.5,52,51.35,52,1.1,2329
2010-06-22,0050,5261509,272219434,51.9,51.9,51.65,51.7,-0.3,794
2010-06-23,0050,7660178,392740924,51.35,51.5,51.05,51.15,-0.55,948
2010-06-24,0050,5788482,296866719,51.15,51.4,51.1,51.3,0.15,683
2010-06-25,0050,6622506,335766695,50.75,51,50.5,50.6,-0.7,1417
2010-06-28,0050,3671696,186573946,50.7,50.95,50.6,50.8,0.2,528
2010-06-29,0050,11618887,591997338,51,51.45,50.4,50.5,-0.3,1417
2010-06-30,0050,13175754,651633382,49.55,49.69,49.28,49.55,-0.95,2103
2010-07-01,0050,12171412,598925476,49.55,49.55,49.01,49.19,-0.36,1673
2010-07-02,0050,6189985,306435885,49.1,49.79,49.08,49.49,0.3,1237
2010-07-05,0050,3757987,188215802,49.73,50.5,49.6,50.5,1.01,1160
2010-07-06,0050,9876231,501829564,50,51.4,50,51.4,0.9,1664
2010-07-07,0050,4454538,228305197,51.35,51.4,51.1,51.3,-0.1,968
2010-07-09,0050,8071916,421087043,51.9,52.4,51.9,52.35,0.3,1379
2010-07-12,0050,8957644,471535888,52.4,52.95,52.3,52.3,-0.05,1670
2010-07-13,0050,5571002,291326247,52.4,52.6,52,52.15,-0.15,873
2010-07-14,0050,15527125,822810995,52.9,53.15,52.8,53.15,1,2280
2010-07-15,0050,11031463,585963845,52.95,53.25,52.8,53.25,0.1,1260
2010-07-16,0050,9053830,479369990,53.15,53.15,52.7,52.9,-0.35,954
2010-07-19,0050,16805234,883950631,52.25,52.85,52.2,52.75,-0.15,1333
2010-07-20,0050,8231750,436781969,52.75,53.35,52.55,53.2,0.45,1335
2010-07-21,0050,8043673,427477948,53.2,53.35,52.85,52.9,-0.3,949
2010-07-22,0050,4262316,225261775,52.9,53.05,52.6,52.95,0.05,545
2010-07-23,0050,18699497,999076702,53.1,53.7,53.1,53.7,0.75,2191
2010-07-26,0050,9746755,524481346,53.7,53.95,53.65,53.85,0.15,1174
2010-07-28,0050,13670939,736377612,53.6,54.1,53.5,54.05,0.45,1140
2010-07-29,0050,10327345,557556880,53.95,54.15,53.8,54.1,0.05,1045
2010-07-30,0050,7817682,420410866,53.9,54.05,53.5,53.9,-0.2,1326
2010-08-02,0050,12724082,697944083,54.35,55.2,54.35,54.95,1.05,2608
2010-08-03,0050,8049682,443670275,55.05,55.3,54.95,55.2,0.25,1457
2010-08-04,0050,7131519,393332395,55,55.3,54.95,55.1,-0.1,1079
2010-08-05,0050,9995481,551369712,55.25,55.45,54.85,55.05,-0.05,1132
2010-08-06,0050,11550901,636191933,54.9,55.25,54.9,55.2,0.15,1030
2010-08-09,0050,10803836,599683827,55.1,55.65,55.1,55.5,0.3,1521
2010-08-10,0050,7592888,421039630,55.5,55.7,55.2,55.4,-0.1,904
2010-08-11,0050,5770212,316690984,55,55.2,54.55,54.7,-0.7,1058
2010-08-13,0050,6844263,373178144,54.3,55,54.3,54.85,0.6,863
2010-08-16,0050,4168210,227991817,54.45,55.05,54.3,55,0.15,676
2010-08-17,0050,3215750,176637550,54.85,55,54.75,54.95,-0.05,481
2010-08-18,0050,5574191,305424970,55,55.05,54.4,54.65,-0.3,639
2010-08-19,0050,3761705,205909807,54.65,55,54.5,54.95,0.3,490
2010-08-20,0050,5175489,283646913,54.85,54.95,54.65,54.95,0,444
2010-08-23,0050,7551173,417513148,54.85,55.6,54.7,55.3,0.35,1030
2010-08-24,0050,6661090,366609963,55,55.25,54.9,54.95,-0.35,899
2010-08-25,0050,13856747,749592832,54.3,54.5,53.85,53.95,-1,2076
2010-08-26,0050,9343642,502592295,53.9,53.95,53.6,53.6,-0.35,1245
2010-08-27,0050,8466348,454575678,53.6,53.9,53.45,53.85,0.25,1000
2010-08-30,0050,8229849,446720885,54.3,54.6,53.95,54.1,0.25,1382
2010-08-31,0050,8911993,475561064,53.7,53.7,53.15,53.3,-0.8,1801
2010-09-01,0050,11174161,598370607,53.5,53.7,53.35,53.7,0.4,1103
2010-09-02,0050,7071841,382172093,54.1,54.35,53.8,54,0.3,889
2010-09-03,0050,6121744,333094273,54.2,54.6,54.1,54.55,0.55,1007
2010-09-06,0050,10083846,553365880,54.95,55,54.65,54.95,0.4,1117
2010-09-07,0050,5405515,296971175,54.95,55.05,54.8,54.85,-0.1,761
2010-09-08,0050,5636530,308092400,54.75,54.9,54.45,54.75,-0.1,719
2010-09-09,0050,3169724,173808317,54.95,55,54.65,54.75,0,529
2010-09-10,0050,6861410,378438246,55.15,55.3,55,55.25,0.5,1016
2010-09-13,0050,18145999,1019516382,55.55,56.8,55.55,56.8,1.55,3161
2010-09-14,0050,15110852,859542024,56.8,57,56.75,57,0.2,1876
2010-09-15,0050,16566902,945155564,57,57.25,56.9,57.25,0.25,1464
2010-09-16,0050,11750605,670177005,57.2,57.3,56.65,56.65,-0.6,1268
2010-09-17,0050,18471577,1055933472,56.85,57.5,56.85,57.3,0.65,1957
2010-09-20,0050,6828423,390989900,57.2,57.45,57.1,57.25,-0.05,941
2010-09-21,0050,7544449,433059967,57.6,57.8,57.15,57.35,0.1,1003
2010-09-23,0050,10459396,599196251,57.35,57.65,57.1,57.35,0,1072
2010-09-24,0050,5496336,313669258,57.1,57.3,56.85,57,-0.35,807
2010-09-27,0050,4164919,239351891,57.5,57.6,57.3,57.5,0.5,853
2010-09-28,0050,7403054,424821093,57.15,57.55,57.15,57.4,-0.1,971
2010-09-29,0050,12166395,703291208,57.6,58.15,57.5,57.8,0.4,1665
2010-09-30,0050,6992312,403020952,57.7,57.8,57.5,57.7,-0.1,988
2010-10-01,0050,10251240,591071233,57.9,57.9,57.5,57.75,0.05,676
2010-10-04,0050,16884537,977435810,57.85,58.1,57.75,57.75,0,1051
2010-10-05,0050,10535220,602863693,57.5,57.55,57.05,57.4,-0.35,1195
2010-10-06,0050,16061514,928454412,57.9,58.05,57.7,57.75,0.35,1685
2010-10-07,0050,8858857,512636756,57.85,57.95,57.7,57.95,0.2,815
2010-10-08,0050,6653888,383702278,57.85,57.95,57.45,57.6,-0.35,583
2010-10-11,0050,8951527,513264484,57.6,57.6,56.9,56.95,-0.65,966
2010-10-12,0050,10325566,582357271,57,57,56.05,56.2,-0.75,2155
2010-10-13,0050,4624403,260715371,56.35,56.55,56.15,56.55,0.35,990
2010-10-14,0050,8088009,464302961,56.9,57.7,56.9,57.45,0.9,1534
2010-10-15,0050,2622520,150561344,57.5,57.6,57.3,57.35,-0.1,628
2010-10-18,0050,15668334,884763412,57.3,57.3,56.15,56.2,-1.15,2275
2010-10-20,0050,12860399,723369848,55.8,56.7,55.7,56.7,0.65,1584
2010-10-21,0050,11522575,653928650,56.8,56.95,56.55,56.75,0.05,964
2010-10-22,0050,10858325,618653016,56.75,57.1,56.75,57.1,0.35,1211
2010-10-25,0050,16646194,926060163,55.5,56.15,55.1,56.1,0,2029
2010-10-26,0050,8841948,496931964,56.3,56.35,56,56.35,0.25,1091
2010-10-27,0050,5394936,303010188,56.5,56.65,55.85,56.05,-0.3,1107
2010-10-28,0050,4611384,259003180,56.05,56.5,55.9,56.5,0.45,957
2010-10-29,0050,7155507,401298561,56.2,56.35,55.9,56,-0.5,1028
2010-11-01,0050,12732548,723720336,56.2,57.05,56.2,56.8,0.8,1811
2010-11-02,0050,5732868,325612133,56.8,56.9,56.65,56.8,0,789
2010-11-03,0050,13242296,751987634,56.95,57.1,56.5,56.7,-0.1,1165
2010-11-05,0050,18917069,1089796929,57.55,57.75,57.5,57.65,0.6,1633
2010-11-08,0050,9801832,564458172,57.8,57.85,57.45,57.55,-0.1,1002
2010-11-09,0050,3995547,230210197,57.55,57.7,57.45,57.7,0.15,653
2010-11-10,0050,18164969,1049072051,57.8,57.85,57.6,57.65,-0.05,903
2010-11-11,0050,8634408,497131742,57.8,57.8,57.45,57.5,-0.15,662
2010-11-12,0050,12201162,691923634,57.25,57.25,56.35,56.35,-1.15,2026
2010-11-15,0050,7380484,414589397,56.3,56.3,56.05,56.15,-0.2,1164
2010-11-16,0050,7063846,398490586,56.1,56.85,56.1,56.75,0.6,933
2010-11-17,0050,6157279,347068621,56.35,56.65,56.15,56.5,-0.25,971
2010-11-18,0050,2169592,122484707,56.4,56.6,56.3,56.6,0.1,570
2010-11-19,0050,3171480,179964828,56.9,57.15,56.3,56.65,0.05,865
2010-11-22,0050,5493100,314290819,56.8,57.5,56.8,57.35,0.7,1005
2010-11-23,0050,3197414,182492494,57.35,57.35,56.8,56.9,-0.45,617
2010-11-25,0050,3601735,205409515,56.85,57.15,56.85,57.1,0.25,688
2010-11-26,0050,4644074,264375812,57.15,57.15,56.8,56.8,-0.3,809
2010-11-29,0050,8866180,506250160,57.1,57.35,56.85,56.9,0.1,1086
2010-11-30,0050,8006464,458479034,57.05,57.5,56.95,57.1,0.2,993
2010-12-01,0050,12684432,731551429,57.1,58,57.1,58,0.9,1964
2010-12-02,0050,12086258,707346364,58.5,58.7,58.35,58.45,0.45,2447
2010-12-03,0050,13503527,794549793,58.6,59,58.6,59,0.55,2389
2010-12-06,0050,8952935,530331536,59,59.35,59,59.15,0.15,1999
2010-12-07,0050,5464594,322503156,59.2,59.2,58.85,59.1,-0.05,1161
2010-12-08,0050,6037857,356733730,59.1,59.35,58.95,59.1,0,1300
2010-12-09,0050,10497650,625268845,59.5,59.8,59.45,59.7,0.6,1523
2010-12-10,0050,5805796,344119654,59.6,59.6,59.15,59.3,-0.4,1157
2010-12-13,0050,5858779,348065394,59.2,59.5,59.2,59.45,0.15,1190
2010-12-14,0050,11537399,684971795,59.25,59.6,59.1,59.3,-0.15,935
2010-12-15,0050,11414375,677636297,59.3,59.65,59.15,59.6,0.3,988
2010-12-16,0050,18627435,1112660163,59.65,59.85,59.6,59.7,0.1,1516
2010-12-17,0050,30719311,1850508741,59.8,60.45,59.8,60.2,0.5,2076
2010-12-20,0050,13022778,779248151,60.4,60.4,59.5,59.9,-0.3,1725
2010-12-21,0050,10194621,610080032,59.9,60.15,59.65,60.05,0.15,999
2010-12-22,0050,14734837,885524383,60.4,60.4,60,60.05,0,1501
2010-12-23,0050,16447355,993055549,60.05,60.55,60.05,60.45,0.4,1547
2010-12-24,0050,11190254,674289696,60.45,60.45,60.15,60.2,-0.25,970
2010-12-27,0050,10376432,625717035,60.2,60.55,60,60.45,0.25,941
2010-12-28,0050,12716525,766791764,60.45,60.5,60.1,60.35,-0.1,858
2010-12-29,0050,15210085,917997409,60.35,60.5,60.2,60.5,0.15,933
2010-12-30,0050,5870907,355424481,60.7,60.8,60.4,60.8,0.3,824
2010-12-31,0050,13970805,853433428,60.8,61.4,60.75,61.4,0.6,1726
2011-01-03,0050,12033427,740821161,61.6,61.65,61.45,61.45,0.05,1058
2011-01-04,0050,11093455,681759026,61.55,61.6,61.3,61.3,-0.15,996
2011-01-05,0050,20764188,1255031256,61.1,61.35,59.9,60.3,-1,2368
2011-01-06,0050,6883599,413506773,60.25,60.3,59.95,60.2,-0.1,896
2011-01-07,0050,12300875,735133600,60.25,60.35,59.4,59.65,-0.55,1702
2011-01-10,0050,4241806,253246092,59.75,59.9,59.55,59.85,0.2,711
2011-01-11,0050,12746305,771066255,59.7,61,59.7,60.85,1,1484
2011-01-12,0050,5713284,348896066,61,61.25,60.9,61.1,0.25,995
2011-01-13,0050,10156962,621141415,61.25,61.4,60.8,61.05,-0.05,1350
2011-01-14,0050,7317612,446642337,60.95,61.1,60.8,61,-0.05,477
2011-01-17,0050,5093719,310233887,61.15,61.25,60.7,60.85,-0.15,1033
2011-01-18,0050,9691188,592468290,60.55,61.55,60.5,61.35,0.5,1145
2011-01-19,0050,15346271,948521929,61.35,62.15,61.35,62.05,0.7,1788
2011-01-20,0050,5216814,321861850,62,62,61.6,61.65,-0.4,923
2011-01-21,0050,11627990,708961583,61.1,61.45,60.55,61,-0.65,1403
2011-01-24,0050,17731733,1081663961,61,61.2,60.9,60.95,-0.05,789
2011-01-25,0050,18634469,1147594608,61.45,61.7,61.4,61.45,0.5,1437
2011-01-26,0050,20930819,1294264613,61.45,62.1,61.45,62,0.55,1253
2011-01-27,0050,17156782,1071020014,62.05,62.7,62.05,62.45,0.45,2070
2011-01-28,0050,11849231,743247153,62.5,63,62.45,63,0.55,1615
2011-02-08,0050,11116268,697462887,63.05,63.2,62.4,62.6,-0.4,1530
2011-02-09,0050,12233389,758615054,62.5,62.6,61.7,62,-0.6,1461
2011-02-10,0050,22906193,1397844338,61.6,61.6,60.75,60.85,-1.15,2936
2011-02-11,0050,43872076,2616283272,60.4,60.4,58.5,58.9,-1.95,6551
2011-02-14,0050,11080133,657605142,59.05,59.65,59.05,59.4,0.5,2112
2011-02-15,0050,9824500,584163585,59.4,59.9,58.65,59.75,0.35,1708
2011-02-16,0050,20565527,1232166432,59.8,60.1,59.6,59.85,0.1,2034
2011-02-17,0050,6957416,414979580,59.75,59.8,59.4,59.65,-0.2,932
2011-02-18,0050,9831511,594817814,60,60.85,59.95,60.65,1,1772
2011-02-21,0050,14830455,898301279,60.4,60.8,60.15,60.65,0,1247
2011-02-22,0050,31460697,1872707744,60.3,60.3,59.3,59.85,-0.8,4044
2011-02-23,0050,28150332,1669981084,59.45,59.7,58.8,59,-0.85,3513
2011-02-24,0050,28688789,1699444439,59,59.55,59,59,0,2306
2011-02-25,0050,34452533,2033280317,59.3,59.65,58.45,59.5,0.5,2775
2011-03-01,0050,8004474,478921341,59.7,60.05,59.5,59.95,0.45,1312
2011-03-02,0050,22951405,1369550526,59.45,59.9,59.4,59.45,-0.5,2063
2011-03-03,0050,28035273,1677337723,59.55,60.3,59.5,60.2,0.75,2050
2011-03-04,0050,12108845,733065374,60.5,60.7,60.4,60.65,0.45,1684
2011-03-07,0050,14594851,877235791,60.5,60.5,60,60.2,-0.45,1036
2011-03-08,0050,2590968,156203008,60.05,60.4,60.05,60.25,0.05,497
2011-03-09,0050,11164223,672707820,60.55,60.65,60,60.2,-0.05,1133
2011-03-10,0050,8147795,485401841,60.15,60.25,59.3,59.5,-0.7,1786
2011-03-11,0050,22485249,1319229731,59.05,59.05,58.4,58.85,-0.65,3609
2011-03-14,0050,28008968,1633885762,58.6,58.9,57.65,58.8,-0.05,3148
2011-03-15,0050,62123047,3543816348,58.7,58.7,55.6,57.5,-1.3,9032
2011-03-16,0050,20893632,1202366209,58,58.05,57.25,57.3,-0.2,3615
2011-03-17,0050,20325995,1156134694,56.8,57.3,56.5,57.3,0,2690
2011-03-18,0050,13046311,751747841,57.7,57.8,57.35,57.75,0.45,1849
2011-03-21,0050,18789367,1093702948,57.9,58.5,57.8,58.1,0.35,2210
2011-03-22,0050,17030126,996809815,58.5,58.7,58.35,58.4,0.3,2310
2011-03-23,0050,13061205,763909130,58.4,58.65,58.15,58.5,0.1,1335
2011-03-24,0050,13112684,771549906,58.85,59,58.55,58.75,0.25,1355
2011-03-25,0050,12811822,759378107,59.05,59.65,59.05,59.35,0.6,2377
2011-03-28,0050,6845004,404102382,59.25,59.3,58.85,59.15,-0.2,991
2011-03-29,0050,5977627,353260287,58.9,59.3,58.75,59.25,0.1,1010
2011-03-30,0050,11142321,663979425,59.4,59.8,59.25,59.6,0.35,1406
2011-03-31,0050,8065305,479324432,59.5,59.7,59.1,59.55,-0.05,932
2011-04-01,0050,9617427,574322326,59.6,59.85,59.6,59.85,0.3,1164
2011-04-06,0050,30707811,1869610019,60,61.4,60,61.15,1.3,3989
2011-04-07,0050,20231471,1236839275,61.35,61.4,60.95,61.3,0.15,2846
2011-04-08,0050,11889885,728183992,61.25,61.5,61,61.1,-0.2,1473
2011-04-11,0050,16414041,999423644,61.1,61.2,60.75,61.1,0,1148
2011-04-12,0050,14749678,887467065,60.8,60.8,59.85,60.05,-1.05,2007
2011-04-13,0050,9151628,549444054,59.9,60.4,59.75,60.4,0.35,1018
2011-04-15,0050,3910219,234240402,60.4,60.45,59.6,59.65,-0.7,884
2011-04-18,0050,5204523,310861684,59.75,59.95,59.45,59.55,-0.1,833
2011-04-19,0050,14045591,828487193,59.35,59.35,58.8,59.2,-0.35,2241
2011-04-20,0050,11997322,720350343,59.5,60.35,59.5,60.3,1.1,1726
2011-04-21,0050,34318593,2109853770,60.95,61.8,60.95,61.7,1.4,4141
2011-04-22,0050,22105891,1360631513,61.8,61.8,61.45,61.6,-0.1,3340
2011-04-25,0050,26924950,1655177571,61.9,62,61.25,61.45,-0.15,2595
2011-04-26,0050,23837644,1453699517,60.9,61.35,60.7,61.2,-0.25,2384
2011-04-27,0050,46502607,2886914483,61.75,62.25,61.75,62.15,0.95,3460
2011-04-28,0050,30767306,1914440156,62.25,62.5,62,62.15,0,2312
2011-04-29,0050,50487944,3134706959,62,62.4,61.65,62,-0.15,2559
2011-05-03,0050,26662296,1648530949,62.2,62.3,61.5,62.15,0.15,1727
2011-05-04,0050,19729723,1212549276,61.6,61.8,61.1,61.8,-0.35,1522
2011-05-05,0050,22314131,1383075601,61.4,62.35,61.3,62.25,0.45,2059
2011-05-06,0050,24042654,1488027798,61.9,62.05,61.65,61.95,-0.3,2180
2011-05-09,0050,15561987,970800826,62.1,62.6,61.9,62.3,0.35,1490
2011-05-10,0050,8415421,523328016,62.3,62.3,62.05,62.3,0,823
2011-05-11,0050,9690783,602825100,62.5,62.5,61.95,62.05,-0.25,1013
2011-05-12,0050,17883859,1106475609,61.7,62.4,61.55,62.25,0.2,1815
2011-05-13,0050,7629363,473373975,62.25,62.25,61.9,62.05,-0.2,1097
2011-05-16,0050,16444896,1012125325,61.95,61.95,61.25,61.3,-0.75,1945
2011-05-17,0050,16743572,1023690753,61.2,61.45,60.95,61.25,-0.05,1892
2011-05-18,0050,5864502,359578917,61.2,61.6,61.15,61.6,0.35,675
2011-05-19,0050,17153738,1057115739,61.6,62.1,61.05,61.05,-0.55,1538
2011-05-23,0050,38595445,2327332964,60.8,60.8,60,60.35,-0.75,3025
2011-05-24,0050,26103703,1573207657,60.3,60.45,60.05,60.45,0.1,1546
2011-05-25,0050,22809627,1369585578,60.1,60.4,59.8,60.25,-0.2,2224
2011-05-26,0050,7274217,439654243,60.35,60.85,60.2,60.85,0.6,1141
2011-05-27,0050,11665509,708464510,60.65,61,60.5,60.6,-0.25,1054
2011-05-30,0050,10601687,640953593,60.4,60.75,60,60.5,-0.1,882
2011-05-31,0050,10825421,665427980,60.8,62,60.8,62,1.5,1902
2011-06-01,0050,26708920,1662145604,62,62.45,61.85,62.35,0.35,2626
2011-06-02,0050,18610346,1153779465,62,62.15,61.8,61.9,-0.45,1823
2011-06-03,0050,14876730,923387845,62,62.25,61.75,62.2,0.3,855
2011-06-07,0050,10967505,678820155,61.9,62.25,61.55,62.2,0,807
2011-06-08,0050,14003014,869598964,62.05,62.25,61.85,62,-0.2,769
2011-06-09,0050,8665746,537319449,61.8,62.1,61.8,62,0,579
2011-06-10,0050,27188317,1664895252,62.15,62.2,60.5,60.55,-1.45,2903
2011-06-13,0050,21849634,1309106540,60.25,60.25,59.6,59.75,-0.8,3490
2011-06-14,0050,11523249,695092984,60,60.75,59.8,60.75,1,1684
2011-06-15,0050,11156149,670739830,60.7,60.7,59.8,60.5,-0.25,1949
2011-06-16,0050,23032377,1370265275,59.9,59.9,59.3,59.4,-1.1,3563
2011-06-17,0050,20766060,1230364310,59.6,59.7,59,59.2,-0.2,2525
2011-06-20,0050,21506641,1267009569,59.4,59.5,58.55,58.6,-0.6,2981
2011-06-21,0050,15219678,896563995,59,59.2,58.65,59.05,0.45,2302
2011-06-22,0050,11737377,694121295,59.5,59.5,58.8,59.2,0.15,1549
2011-06-23,0050,15137694,889061409,58.95,59.1,58.6,58.65,-0.55,1985
2011-06-24,0050,27218893,1582930930,58.7,58.7,58,58.2,-0.45,5304
2011-06-27,0050,27066148,1553984167,57.5,57.85,57.2,57.8,-0.4,5801
2011-06-28,0050,11858069,686233902,58.05,58.15,57.5,57.65,-0.15,2772
2011-06-29,0050,16310795,952014336,58,58.75,57.9,58.65,1,2700
2011-06-30,0050,8335428,490029787,58.8,59,58.55,58.85,0.2,1761
2011-07-01,0050,13964925,831822233,59.2,59.8,59.2,59.7,0.85,3077
2011-07-04,0050,18908538,1135645374,59.9,60.2,59.9,60.05,0.35,3528
2011-07-05,0050,12622302,756315191,60,60.1,59.75,59.95,-0.1,1454
2011-07-06,0050,13484727,816467370,60,60.7,60,60.6,0.65,2587
2011-07-07,0050,11109299,669903957,60.7,60.7,60.15,60.35,-0.25,1364
2011-07-08,0050,14932114,899593084,60.5,60.7,59.9,60.05,-0.3,1639
2011-07-11,0050,11993498,714982566,59.85,59.95,59.4,59.65,-0.4,1856
2011-07-12,0050,48066193,2820748700,59.1,59.1,58.45,58.7,-0.95,7229
2011-07-13,0050,39174515,2299380273,58.65,59,58.45,58.7,0,3621
2011-07-14,0050,39805063,2337247970,59,59.05,58.45,58.9,0.2,3576
2011-07-15,0050,18410146,1085949311,59,59.25,58.7,59.2,0.3,2571
2011-07-18,0050,20727359,1219849685,59.15,59.2,58.4,59,-0.2,2301
2011-07-19,0050,8281788,487389392,58.85,59.05,58.65,58.9,-0.1,1663
2011-07-20,0050,18866490,1133064951,59.5,60.5,59.5,60.45,1.55,4232
2011-07-21,0050,10880105,657752952,60.45,60.6,60.35,60.6,0.15,1748
2011-07-22,0050,22666868,1382242149,60.85,61.15,60.8,61,0.4,2823
2011-07-25,0050,8426021,510022302,60.5,60.85,60.2,60.4,-0.6,1591
2011-07-26,0050,15897776,970104530,60.5,61.3,60.5,61.2,0.8,2096
2011-07-27,0050,8730491,534834492,61.2,61.45,61.05,61.35,0.15,1527
2011-07-28,0050,12994800,789602563,60.8,61,60.5,60.85,-0.5,1428
2011-07-29,0050,13902656,837041345,60.75,60.9,59.9,59.9,-0.95,2361
2011-08-01,0050,9200229,554873879,60.5,60.5,60.15,60.35,0.45,1369
2011-08-02,0050,16233742,966367270,59.9,59.9,59.4,59.55,-0.8,3306
2011-08-03,0050,41979794,2455504146,58.85,58.85,58.2,58.6,-0.95,8155
2011-08-04,0050,40427944,2355742542,58.6,58.85,57.8,57.85,-0.75,7316
2011-08-05,0050,93524542,5148697495,55.7,55.7,54.45,54.45,-3.4,17533
2011-08-08,0050,88158917,4704480968,54.3,54.65,51.4,53.5,-0.95,13690
2011-08-09,0050,137680501,7110075457,51,53.5,50.4,53,-0.5,22250
2011-08-10,0050,51751032,2787726337,53.95,54.25,53.4,54.1,1.1,11360
2011-08-11,0050,35420779,1898917302,53.2,54.5,52.7,54.1,0,7525
2011-08-12,0050,38053055,2056414964,54.7,54.85,53.4,53.55,-0.55,6365
2011-08-15,0050,13373403,727558265,54.2,54.6,54.1,54.6,1.05,3732
2011-08-16,0050,14509479,791674737,54.8,55,54.1,54.35,-0.25,3491
2011-08-17,0050,16712226,903174445,54.35,54.5,53.8,53.95,-0.4,3199
2011-08-18,0050,29569057,1568453015,53.4,53.45,52.65,52.95,-1,6953
2011-08-19,0050,46326897,2387285205,51.8,51.9,51.1,51.1,-1.85,10323
2011-08-22,0050,36786479,1899902537,51.3,52.45,51.05,51.5,0.4,6591
2011-08-23,0050,25870622,1358144498,52.1,53.35,51.75,53.3,1.8,5648
2011-08-24,0050,25953004,1369368680,53.4,53.4,52.1,52.6,-0.7,5644
2011-08-25,0050,16449092,870083609,53.2,53.3,52.35,52.35,-0.25,4069
2011-08-26,0050,19422473,1029089294,52.8,53.25,52.6,53.05,0.7,3882
2011-08-29,0050,21399866,1151626604,53.1,54.1,53.1,53.8,0.75,4993
2011-08-30,0050,18853273,1020787255,54,54.4,53.85,54.2,0.4,3354
2011-08-31,0050,17721803,962971059,54.1,54.6,53.9,54.55,0.35,3878
2011-09-01,0050,35887333,1996647038,55.05,56.1,55.05,55.15,0.6,7452
2011-09-02,0050,14570110,801215449,55.15,55.3,54.65,55.15,0,3008
2011-09-05,0050,20965276,1125983079,53.95,53.95,53.4,53.6,-1.55,5621
2011-09-06,0050,25736298,1358382194,53.3,53.35,52.3,52.55,-1.05,7826
2011-09-07,0050,15671123,834398468,53.35,53.6,52.9,53.55,1,3503
2011-09-08,0050,14964671,805907237,54,54.15,53.45,53.7,0.15,3393
2011-09-09,0050,21152336,1147000559,53.55,54.75,53.55,54.15,0.45,4202
2011-09-13,0050,26540677,1405764911,53.6,53.75,52.55,52.65,-1.5,7669
2011-09-14,0050,40373887,2097392679,53.15,53.2,51.3,51.6,-1.05,10867
2011-09-15,0050,26022723,1371411369,52.7,53.05,52.3,52.85,1.25,5136
2011-09-16,0050,32473140,1752373946,53.5,54.15,53.5,54.1,1.25,7576
2011-09-19,0050,17268247,921332283,53.85,53.85,53.05,53.2,-0.9,3632
2011-09-20,0050,18363876,975272669,53.35,53.7,52.5,53.4,0.2,3904
2011-09-21,0050,9744591,521580417,53.4,53.95,53,53.6,0.2,2630
2011-09-22,0050,29986277,1562675517,52.6,52.6,51.85,52.1,-1.5,9539
2011-09-23,0050,64025634,3218883268,50.5,50.85,49.93,50.35,-1.75,18626
2011-09-26,0050,42234917,2104176241,50.25,50.3,49.3,49.32,-1.03,12128
2011-09-27,0050,29804690,1515167234,50.5,51.15,50.5,51.1,1.78,8296
2011-09-29,0050,14168498,727089186,50.65,51.75,50.6,51.6,0.45,4286
2011-09-30,0050,11847360,610860172,51.45,51.9,51.25,51.65,0.05,3030
2011-10-03,0050,26724933,1348925819,50.75,51,50.15,50.3,-1.35,7241
2011-10-04,0050,19459519,975289258,49.9,50.75,49.5,50.75,0.45,5075
2011-10-05,0050,13795531,696382310,50.9,50.95,50.2,50.25,-0.5,3858
2011-10-06,0050,21005701,1077779812,51.15,51.55,51,51.25,1,5356
2011-10-07,0050,18355387,951462753,51.8,52.15,51.5,51.55,0.3,5557
2011-10-11,0050,24633728,1302666234,52.75,53,52.7,53,1.45,6578
2011-10-12,0050,10379445,548499937,52.85,53.1,52.5,52.85,-0.15,3332
2011-10-13,0050,12110385,640452091,53.2,53.2,52.65,52.8,-0.05,2737
2011-10-14,0050,9843797,518191057,52.6,52.9,52.45,52.45,-0.35,2315
2011-10-17,0050,12184723,647427128,53.1,53.45,52.8,53.1,0.65,3377
2011-10-18,0050,18729818,982604433,52.5,52.7,52.2,52.55,-0.55,3396
2011-10-19,0050,15305135,804183772,52.6,52.75,52.3,52.35,-0.2,2457
2011-10-20,0050,19221415,1000528948,52.55,52.65,51.75,51.75,-0.6,4864
2011-10-21,0050,16993828,879234656,51.8,51.95,51.55,51.95,0.2,3026
2011-10-24,0050,27555204,1469394216,52.45,53.6,52.45,53.6,1.65,6602
2011-10-25,0050,23610880,1265806695,53.65,53.7,53.45,53.6,0,4519
2011-10-26,0050,24026648,1242830248,51.6,52.15,51.3,52.15,0,5405
2011-10-27,0050,23253137,1210817761,52.15,52.3,51.75,52.25,0.1,3549
2011-10-28,0050,36429630,1926724166,53.4,53.45,52.35,52.4,0.15,5670
2011-10-31,0050,16939650,888578737,52.8,52.95,52.1,52.2,-0.2,3056
2011-11-01,0050,10920775,572049196,52.2,52.85,51.85,52.55,0.35,2708
2011-11-02,0050,23425870,1214957891,51.6,52.5,51.45,52.4,-0.15,4930
2011-11-03,0050,29386123,1517921547,52,52,51.45,51.45,-0.95,7694
2011-11-04,0050,19730524,1034982347,52.2,52.6,52.1,52.3,0.85,4632
2011-11-07,0050,5859419,306927169,52.3,52.55,52.15,52.4,0.1,1403
2011-11-08,0050,13171890,691115178,52.4,52.85,52.15,52.15,-0.25,3079
2011-11-09,0050,9946467,520521880,52.5,52.6,52.1,52.2,0.05,1825
2011-11-10,0050,59839061,3037844411,51.25,51.25,50.2,50.55,-1.65,15853
2011-11-11,0050,15851515,804453382,50.65,51.05,50.5,50.9,0.35,4281
2011-11-14,0050,22866370,1190190796,51.75,52.25,51.75,52.15,1.25,6327
2011-11-15,0050,6807952,353585075,52.05,52.1,51.75,51.85,-0.3,2021
2011-11-16,0050,20231863,1044690193,52.15,52.3,51.1,51.2,-0.65,4562
2011-11-17,0050,16465794,838253578,50.9,51.35,50.5,51.35,0.15,4331
2011-11-18,0050,39881720,2013948315,50.7,50.8,50.25,50.3,-1.05,10948
2011-11-21,0050,46584537,2301241513,49.9,49.9,49.12,49.23,-1.07,15116
2011-11-22,0050,37161151,1824551499,49.23,49.47,48.83,49.02,-0.21,8220
2011-11-23,0050,55896531,2689306266,48.8,48.86,47.7,47.85,-1.17,15485
2011-11-24,0050,38816971,1852249539,47.8,48.03,47.28,47.86,0.01,8808
2011-11-25,0050,31966850,1522905936,48.24,48.46,47.05,47.44,-0.42,8112
2011-11-28,0050,17182607,825538052,48.08,48.3,47.85,48.29,0.85,4460
2011-11-29,0050,13678906,663430312,48.75,48.75,48.2,48.72,0.43,4492
2011-11-30,0050,13561318,652493375,48.5,48.53,47.75,48.08,-0.64,4175
2011-12-01,0050,50086140,2509004542,49.6,50.6,49.6,50.3,2.22,12683
2011-12-05,0050,9432964,467489757,49.82,49.82,49.2,49.66,-0.16,2772
2011-12-06,0050,14698444,719937774,49.5,49.5,48.67,48.69,-0.97,5428
2011-12-07,0050,15032896,739326758,49,49.33,49,49.2,0.51,3116
2011-12-08,0050,14793377,720228258,49.01,49.01,48.4,48.86,-0.34,4111
2011-12-09,0050,18170218,877077245,48,48.63,48,48.24,-0.62,5042
2011-12-12,0050,12180038,595325732,48.94,49.09,48.63,48.8,0.56,2920
2011-12-13,0050,9930657,480825791,48.37,48.78,48.17,48.55,-0.25,2661
2011-12-14,0050,5907825,286097012,48.54,48.6,48.17,48.59,0.04,1733
2011-12-15,0050,21987047,1049187245,48.01,48.01,47.5,47.5,-1.09,7274
2011-12-16,0050,15182560,723476010,47.65,47.81,47.45,47.7,0.2,3098
2011-12-19,0050,25844334,1212666987,47.4,47.4,46.61,46.74,-0.96,7347
2011-12-21,0050,31925104,1563040092,48.55,49.3,48.55,49.28,2.28,9985
2011-12-22,0050,17260445,849273785,49.27,49.32,48.99,49.16,-0.12,4669
2011-12-23,0050,28468548,1423512510,49.89,50.25,49.79,50,0.84,8472
2011-12-26,0050,11437678,571147240,50,50.05,49.8,49.95,-0.05,3007
2011-12-27,0050,15628151,778535955,49.85,50,49.62,49.85,-0.1,3212
2011-12-28,0050,13472332,669505147,49.75,49.87,49.52,49.57,-0.28,2542
2011-12-29,0050,13638499,675607611,49.5,49.72,49.22,49.61,0.04,3549
2011-12-30,0050,19591026,975739189,50,50.15,49.59,49.81,0.2,3238
2012-01-02,0050,11331613,556761325,49.45,49.6,48.94,49.06,-0.75,3354
2012-01-03,0050,19461977,968039469,49.5,49.95,49.4,49.7,0.64,4056
2012-01-04,0050,23080541,1153014500,49.9,50.15,49.78,50,0.3,3962
2012-01-06,0050,28343880,1418225293,50.1,50.25,49.85,50,-0.15,2878
2012-01-09,0050,14067965,700803447,49.9,49.95,49.63,49.81,-0.19,1838
2012-01-10,0050,29305530,1480714650,50.2,50.7,50.2,50.7,0.89,5600
2012-01-11,0050,13541792,686837020,50.7,50.8,50.6,50.65,-0.05,2539
2012-01-12,0050,18821732,954956625,50.7,50.85,50.5,50.75,0.1,3455
2012-01-13,0050,39263092,2004901637,51.15,51.25,50.75,50.85,0.1,7166
2012-01-16,0050,28879651,1450782388,51.05,51.1,49.75,50.05,-0.8,4870
2012-01-17,0050,15798299,795641484,50.35,50.6,50.1,50.55,0.5,3024
2012-01-18,0050,12506827,631832184,50.55,50.75,50.3,50.4,-0.15,3124
2012-01-30,0050,34218903,1780542846,51.4,52.3,51.4,51.8,1.4,8214
2012-01-31,0050,20611434,1073539049,52,52.4,51.75,51.95,0.15,4022
2012-02-01,0050,24094799,1259526696,52.2,52.5,52,52.3,0.35,3708
2012-02-02,0050,20429817,1078026422,52.7,52.95,52.5,52.9,0.6,4181
2012-02-03,0050,35674566,1889356034,52.95,53.05,52.75,53.05,0.15,3992
2012-02-06,0050,18164280,968437031,53.5,53.5,53.15,53.2,-0.45,3632
2012-02-07,0050,19816410,1056101732,53.3,53.6,53.05,53.3,0.1,2525
2012-02-08,0050,39001109,2103272489,53.5,54.45,53.5,54.45,1.15,5878
2012-02-09,0050,36139797,1956532601,54.05,54.4,53.9,54.4,-0.05,3922
2012-02-10,0050,28591539,1549003046,54.25,54.55,53.95,53.95,-0.45,2740
2012-02-13,0050,26861060,1452199378,54,54.35,53.75,54.2,0.25,3974
2012-02-14,0050,23406458,1264230154,54.05,54.25,53.6,54,-0.2,2127
2012-02-15,0050,41671754,2276165522,54.3,55,54.2,54.9,0.9,5673
2012-02-16,0050,22868244,1247877661,54.65,54.85,54.2,54.25,-0.65,2852
2012-02-17,0050,35448758,1943346075,54.8,55.2,54.35,54.75,0.5,3613
2012-02-20,0050,31809117,1739727485,54.8,55.05,54.5,54.7,-0.05,2425
2012-02-21,0050,15255755,828325256,54.5,54.75,54,54.5,-0.2,2499
2012-02-22,0050,17125114,937733078,54.3,55.1,54.2,54.85,0.35,3124
2012-02-23,0050,9186327,501209772,54.55,54.75,54.4,54.6,-0.25,1027
2012-02-24,0050,9154405,499477298,54.6,54.85,54.25,54.75,0.15,1304
2012-02-29,0050,28925369,1612404203,55.25,56,55.25,56,1.25,4957
2012-03-01,0050,20105093,1126509659,55.95,56.2,55.85,55.9,-0.1,2732
2012-03-02,0050,9084860,506340458,56,56.1,55.55,55.6,-0.3,1494
2012-03-05,0050,17881179,981912838,55.3,55.35,54.8,54.85,-0.55,2770
2012-03-06,0050,16219461,883459834,54.9,55.05,54.1,54.6,-0.25,2983
2012-03-07,0050,11160667,605163704,54,54.5,54,54.4,-0.2,1509
2012-03-08,0050,15208959,830033429,54.4,54.9,54.15,54.7,0.3,2019
2012-03-09,0050,12918735,708020242,54.7,55.05,54.45,54.95,0.25,1680
2012-03-12,0050,10019478,547427578,55,55,54.35,54.35,-0.6,1853
2012-03-14,0050,23963909,1341865203,56.05,56.2,55.75,55.9,0.8,3640
2012-03-15,0050,7323511,407920549,55.75,55.9,55.5,55.65,-0.25,1224
2012-03-16,0050,8511788,472800550,55.5,55.7,55.4,55.4,-0.25,1396
2012-03-19,0050,13386685,737058667,55.45,55.65,54.8,55.25,-0.15,1368
2012-03-20,0050,6615005,363471565,55.35,55.35,54.7,54.85,-0.4,1134
2012-03-21,0050,7561144,415736421,54.85,55.2,54.8,54.85,0,1125
2012-03-22,0050,12651661,702269084,54.95,55.75,54.95,55.6,0.75,2142
2012-03-23,0050,5429629,300934713,55.45,55.6,55.3,55.45,-0.15,741
2012-03-26,0050,9786648,535418890,55,55.25,54.45,54.55,-0.9,2187
2012-03-27,0050,10106090,555806364,54.8,55.25,54.75,55.25,0.7,1486
2012-03-28,0050,12034547,667844058,55.45,55.85,55.2,55.45,0.2,1798
2012-03-29,0050,10460778,571795790,55.2,55.2,54.35,54.7,-0.75,2530
2012-03-30,0050,8895286,485424630,54.5,54.9,54.2,54.9,0.2,1591
2012-04-03,0050,9361989,509304232,54.85,54.9,54.1,54.25,-0.45,1851
2012-04-05,0050,14638663,781567154,53.45,53.8,53.05,53.65,-0.6,2882
2012-04-06,0050,15954729,856067866,53.6,53.85,53.4,53.75,0.1,2175
2012-04-09,0050,18841697,1001375939,53,53.5,52.7,53.1,-0.65,2422
2012-04-10,0050,6629891,353297656,53.55,53.6,52.9,53.1,0,1393
2012-04-11,0050,12285576,652939304,52.7,53.45,52.7,53.3,0.2,1502
2012-04-12,0050,9449544,502034848,53.05,53.4,52.85,53.35,0.05,1141
2012-04-13,0050,8534831,459862540,53.8,54.05,53.65,53.95,0.6,1702
2012-04-16,0050,5518938,296281102,53.45,53.8,53.45,53.8,-0.15,1055
2012-04-17,0050,21792243,1160267792,53.9,53.9,52.9,52.9,-0.9,2871
2012-04-18,0050,11436286,607456858,53.5,53.5,52.95,53,0.1,1335
2012-04-19,0050,9678682,511701826,53.05,53.2,52.5,53.05,0.05,1843
2012-04-20,0050,15623013,820874795,52.9,52.95,52.3,52.35,-0.7,2520
2012-04-23,0050,18551636,966264010,52.3,52.4,51.85,52.3,-0.05,2461
2012-04-24,0050,6802543,355503105,52.25,52.65,52.05,52.4,0.1,1157
2012-04-25,0050,3254707,171342949,52.6,52.8,52.45,52.7,0.3,823
2012-04-26,0050,5918302,310769467,52.8,52.85,52.2,52.3,-0.4,1176
2012-04-27,0050,12943419,678336494,52.6,53.05,52.1,52.2,-0.1,1786
2012-04-30,0050,12293303,637993243,52.1,52.1,51.65,52.05,-0.15,1652
2012-05-02,0050,12132883,642019332,52.25,53.35,52.2,53.35,1.3,2402
2012-05-03,0050,5177566,274835367,53.25,53.25,52.95,53.1,-0.25,1156
2012-05-04,0050,11424808,605745388,52.8,53.3,52.65,53.2,0.1,1363
2012-05-07,0050,21312453,1110096207,52.45,52.45,51.85,52.05,-1.15,4255
2012-05-08,0050,9194107,478409512,52.2,52.25,51.9,52.05,0,1509
2012-05-09,0050,22880792,1179702034,51.65,51.85,51.35,51.7,-0.35,2669
2012-05-10,0050,7132826,368954587,51.6,52,51.55,51.7,0,1324
2012-05-11,0050,29045919,1486045592,51.6,51.6,51.05,51.15,-0.55,3305
2012-05-14,0050,10200944,521119095,51.3,51.3,50.95,51.2,0.05,1571
2012-05-15,0050,21664396,1102135199,50.9,51.2,50.55,51.2,0,2185
2012-05-16,0050,32978827,1667294077,51,51.1,50.1,50.2,-1,4708
2012-05-17,0050,7940204,401579291,50.25,50.85,50.25,50.8,0.6,1754
2012-05-18,0050,37830294,1888228710,50.05,50.25,49.62,49.67,-1.13,6960
2012-05-21,0050,14716016,735012862,49.95,50.05,49.74,49.95,0.28,2153
2012-05-22,0050,9359416,470511496,50.35,50.4,50.05,50.4,0.45,1646
2012-05-23,0050,23947129,1186430016,49.9,49.9,49.39,49.49,-0.91,4183
2012-05-24,0050,12526356,617626551,49.55,49.69,49.15,49.38,-0.11,2512
2012-05-25,0050,13503507,662903072,49.45,49.45,48.95,49.01,-0.37,3488
2012-05-28,0050,6212453,305318995,49.01,49.47,48.85,49.47,0.46,1890
2012-05-29,0050,17147363,865103932,49.6,50.8,49.6,50.7,1.23,4182
2012-05-30,0050,11745965,587648352,50.35,50.35,49.83,50.1,-0.6,3530
2012-05-31,0050,13194698,653341089,49.55,50.15,49.24,50.15,0.05,3045
2012-06-01,0050,13961446,689000920,49.85,49.85,49.1,49.15,-1,4151
2012-06-04,0050,37179608,1775879110,48.2,48.2,47.45,47.68,-1.47,10311
2012-06-05,0050,9722549,469561821,48.42,48.45,48.04,48.3,0.62,3003
2012-06-06,0050,5408098,262472961,48.4,48.72,48.22,48.63,0.33,2064
2012-06-07,0050,6003935,293399154,49.1,49.12,48.63,48.74,0.11,2293
2012-06-08,0050,12950511,622569125,48.57,48.6,47.9,48,-0.74,3336
2012-06-12,0050,5161000,249848160,48.1,48.61,48.1,48.61,-0.38,1314
2012-06-13,0050,3990825,194038682,48.61,48.83,48.46,48.71,0.1,1485
2012-06-14,0050,3406033,166321935,48.71,49,48.63,48.78,0.07,1230
2012-06-15,0050,6219720,305647702,48.78,49.4,48.68,49.4,0.62,1968
2012-06-18,0050,9888425,496282665,50.4,50.5,50,50.2,0.8,3083
2012-06-19,0050,7268598,363095397,50,50.1,49.86,49.91,-0.29,1385
2012-06-20,0050,9657087,485881114,50.15,50.45,50.15,50.45,0.54,2133
2012-06-21,0050,4587460,229558989,50.2,50.3,49.88,50.15,-0.3,1334
2012-06-22,0050,6191984,306255391,49.2,49.62,49.2,49.56,-0.59,2197
2012-06-25,0050,7112729,349548894,49.04,49.29,49.03,49.2,-0.36,1899
2012-06-26,0050,15276201,748240815,49,49.1,48.85,48.99,-0.21,2307
2012-06-27,0050,7521013,370467369,48.88,49.5,48.86,49.45,0.46,1437
2012-06-28,0050,10454140,517726577,49.7,49.75,49.43,49.53,0.08,1881
2012-06-29,0050,13651507,681895217,49.48,50.3,49.35,50.2,0.67,2362
2012-07-02,0050,9704279,490223065,50.5,50.7,50.3,50.6,0.4,2051
2012-07-03,0050,17112185,875605502,50.8,51.5,50.75,51.2,0.6,3842
2012-07-04,0050,9961163,513096258,51.45,51.75,51.25,51.4,0.2,1955
2012-07-05,0050,4998944,256906705,51.45,51.65,51.25,51.3,-0.1,1280
2012-07-06,0050,11019128,563639233,51.45,51.55,50.95,51,-0.3,1554
2012-07-09,0050,5879989,298939174,50.8,51.05,50.65,50.95,-0.05,1268
2012-07-10,0050,9034377,457488655,50.95,51,50.3,50.4,-0.55,2127
2012-07-11,0050,4163176,209729714,50.3,50.55,50.15,50.55,0.15,1032
2012-07-12,0050,15500042,772037145,50.45,50.5,49.55,49.65,-0.9,3923
2012-07-13,0050,7929169,392375980,49.5,49.7,49.35,49.5,-0.15,1917
2012-07-16,0050,6443204,318754192,49.75,49.8,49.25,49.5,0,1729
2012-07-17,0050,6753341,336061980,49.5,50.05,49.4,49.85,0.35,1513
2012-07-18,0050,8505798,420343047,49.8,49.8,49.18,49.2,-0.65,2579
2012-07-19,0050,7663401,383437843,49.7,50.3,49.66,50.2,1,2686
2012-07-20,0050,5701139,285440454,50.15,50.25,49.95,50.15,-0.05,1021
2012-07-23,0050,14881209,731893048,49.65,49.7,49.04,49.25,-0.9,4630
2012-07-24,0050,22240566,1089951176,49.2,49.2,48.89,49.12,-0.13,3652
2012-07-25,0050,16634274,812608519,48.82,49.21,48.51,48.86,-0.26,3469
2012-07-26,0050,8170426,400096247,49.33,49.33,48.78,48.94,0.08,2070
2012-07-27,0050,9753125,484417060,49.5,49.95,49.35,49.92,0.98,2979
2012-07-30,0050,10029446,504649636,50,50.55,50,50.25,0.33,2671
2012-07-31,0050,14837371,752407676,50.5,51.1,50.1,51.1,0.85,3749
2012-08-01,0050,6881841,351450740,50.9,51.3,50.8,51.2,0.1,2186
2012-08-03,0050,5086836,258148949,50.75,50.9,50.55,50.9,-0.3,1509
2012-08-06,0050,11035662,570636637,51.9,52,51.45,51.55,0.65,2735
2012-08-07,0050,4202938,216575121,51.6,51.65,51.4,51.6,0.05,1604
2012-08-08,0050,9545045,496033404,51.95,52.2,51.7,51.75,0.15,2585
2012-08-09,0050,21225221,1115574094,52.1,52.9,52.1,52.85,1.1,4939
2012-08-10,0050,11291279,597430859,52.85,53.05,52.75,52.8,-0.05,2465
2012-08-13,0050,15662135,831228910,53,53.25,52.95,53,0.2,2697
2012-08-14,0050,16024047,854491801,53.1,53.55,53,53.25,0.25,2613
2012-08-16,0050,7953827,423898219,53.1,53.5,53,53.2,0.15,1596
2012-08-17,0050,5270885,279669055,53.35,53.35,52.95,52.95,-0.25,1068
2012-08-20,0050,9862178,520220603,52.85,53.05,52.55,52.8,-0.15,1891
2012-08-21,0050,27066882,1449814703,52.95,53.8,52.95,53.4,0.6,3023
2012-08-22,0050,5560943,295805638,53.35,53.4,53,53.35,-0.05,2065
2012-08-23,0050,8522486,454199582,53.2,53.5,53.15,53.3,-0.05,976
2012-08-24,0050,11023694,585207724,53,53.2,52.95,53.1,-0.2,1213
2012-08-27,0050,7381834,392802836,53.45,53.55,53,53.2,0.1,1043
2012-08-28,0050,9135416,480748795,52.95,52.95,52.45,52.5,-0.7,2474
2012-08-29,0050,2819315,148463319,52.4,52.8,52.4,52.7,0.2,767
2012-08-30,0050,6947921,364959725,52.45,52.7,52.4,52.55,-0.15,819
2012-09-03,0050,7153672,379685388,52.7,53.25,52.7,53.15,0.4,1677
2012-09-04,0050,7304539,387906709,53.15,53.3,53,53.05,-0.1,787
2012-09-05,0050,5020171,263425938,52.9,52.9,52.35,52.35,-0.7,1816
2012-09-06,0050,5866731,305950489,52.3,52.5,51.9,52.15,-0.2,1469
2012-09-07,0050,7668229,406456587,53.1,53.2,52.8,52.95,0.8,1654
2012-09-10,0050,8807199,468548644,52.95,53.35,52.9,53.35,0.4,1494
2012-09-11,0050,8196917,437511851,53.35,53.5,53.25,53.3,-0.05,1189
2012-09-12,0050,21342647,1152027183,53.75,54.15,53.75,54.05,0.75,3689
2012-09-13,0050,11501332,623340689,54.2,54.3,54.05,54.15,0.1,1925
2012-09-14,0050,35619400,1967238249,54.8,55.6,54.8,55.5,1.35,6519
2012-09-17,0050,20149767,1120483476,55.5,55.8,55.35,55.6,0.1,3678
2012-09-19,0050,20680374,1148672138,55.45,55.75,55.35,55.65,0.25,2538
2012-09-20,0050,12362843,684405295,55.55,55.65,55.1,55.25,-0.4,2088
2012-09-21,0050,11670115,647385703,55.35,55.6,55.35,55.45,0.2,1544
2012-09-24,0050,15113535,834210593,55.3,55.7,54.95,55.5,0.05,1441
2012-09-25,0050,7763669,430402673,55.6,55.65,55.25,55.3,-0.2,1106
2012-09-26,0050,5912990,324390821,54.9,55.15,54.75,54.9,-0.4,1406
2012-09-27,0050,4809219,264439783,54.8,55.15,54.8,55.1,0.2,1134
2012-09-28,0050,4580522,252268059,55.25,55.35,54.8,55.15,0.05,949
2012-10-01,0050,4006626,219963051,55,55.1,54.75,55,-0.15,989
2012-10-02,0050,6552980,361735377,55.1,55.35,54.95,55.25,0.25,1438
2012-10-03,0050,3633269,200292280,55.25,55.3,54.9,55,-0.25,950
2012-10-04,0050,8104245,444745214,55,55.1,54.5,55.05,0.05,1871
2012-10-05,0050,11700336,645230092,55,55.3,55,55.1,0.05,1497
2012-10-09,0050,8493250,463363288,54.75,54.75,54.4,54.4,-0.25,1469
2012-10-11,0050,30659151,1639203857,53.7,53.7,53.2,53.3,-1.1,4471
2012-10-12,0050,16268409,864868772,53.3,53.4,52.9,53.15,-0.15,2406
2012-10-15,0050,10241646,543892789,53.05,53.25,53,53.25,0.1,1814
2012-10-16,0050,8036901,429366923,53.4,53.5,53.3,53.5,0.25,2023
2012-10-17,0050,16203149,867885159,53.9,53.9,53.3,53.4,-0.1,2578
2012-10-18,0050,11622262,623288652,53.7,53.8,53.45,53.65,0.25,1356
2012-10-19,0050,16779789,892422559,53.6,53.6,53.05,53.25,-0.4,2756
2012-10-22,0050,13005865,684719192,52.6,52.9,52.4,52.9,-0.35,2780
2012-10-23,0050,30800049,1627934463,52.9,53.1,52.65,52.9,0,3071
2012-10-24,0050,18503895,939184120,50.55,51,50.45,51,0,4736
2012-10-25,0050,20563120,1042608341,50.95,50.95,50.45,50.5,-0.5,3878
2012-10-26,0050,26363027,1323238227,50.7,50.75,49.87,49.91,-0.59,5996
2012-10-29,0050,15100152,755045077,49.99,50.2,49.87,50,0.09,4446
2012-10-31,0050,6854134,345541815,50.7,50.7,50.2,50.4,-0.05,1963
2012-11-01,0050,16368191,818678045,50.1,50.55,49.6,50.35,-0.05,4165
2012-11-02,0050,7148546,361768393,50.7,50.7,50.5,50.7,0.35,1722
2012-11-05,0050,8125841,410259966,50.55,50.7,50.3,50.5,-0.2,1684
2012-11-06,0050,9619098,486789898,50.65,50.95,50.4,50.9,0.4,1633
2012-11-07,0050,11045662,563105877,50.9,51.2,50.65,51.15,0.25,2302
2012-11-08,0050,9785443,495392872,50.6,50.75,50.5,50.75,-0.4,1959
2012-11-09,0050,10005555,508918414,50.35,51.3,50.25,51.1,0.35,2177
2012-11-12,0050,7505345,383046645,51.3,51.3,50.85,50.9,-0.2,2015
2012-11-13,0050,14839305,744808945,51,51,50,50.05,-0.85,4737
2012-11-14,0050,7656400,383171812,49.95,50.25,49.82,50.15,0.1,2128
2012-11-15,0050,11845749,590222182,50,50.25,49.5,50,-0.15,3427
2012-11-16,0050,13698858,684772855,49.95,50.35,49.78,49.94,-0.06,2788
2012-11-19,0050,4365081,219249255,50.3,50.35,50.05,50.25,0.31,1287
2012-11-20,0050,4985835,251375954,50.7,50.7,50.25,50.35,0.1,1411
2012-11-21,0050,13326407,667474240,50.45,50.5,49.7,49.97,-0.38,2986
2012-11-22,0050,7869548,395166379,50.3,50.35,50.1,50.2,0.23,1231
2012-11-23,0050,19224255,985123863,50.55,51.8,50.5,51.7,1.5,6105
2012-11-26,0050,13124224,684437782,51.8,52.3,51.8,52.2,0.5,4681
2012-11-27,0050,8538125,446540215,52.2,52.5,52,52.4,0.2,2777
2012-11-28,0050,4523801,236735081,52.4,52.5,52.2,52.45,0.05,1537
2012-11-29,0050,19857708,1051076324,52.65,53.1,52.65,53.1,0.65,4414
2012-11-30,0050,29758835,1591443347,53.1,53.7,53,53.55,0.45,5492
2012-12-03,0050,11201079,600296733,53.55,53.8,53.2,53.5,-0.05,2355
2012-12-04,0050,10697131,569376397,53.05,53.45,53.05,53.45,-0.05,1883
2012-12-05,0050,13587588,726432991,53.3,53.8,53.1,53.75,0.3,2378
2012-12-06,0050,11294944,605387670,53.75,53.75,53.45,53.6,-0.15,1265
2012-12-07,0050,16314379,879442528,53.65,54.05,53.65,53.9,0.3,2555
2012-12-10,0050,9932783,534102179,53.9,54.05,53.5,53.7,-0.2,1325
2012-12-11,0050,8904629,476963059,53.65,53.8,53.3,53.65,-0.05,1489
2012-12-12,0050,18649618,1008894172,53.8,54.3,53.8,54.1,0.45,3439
2012-12-13,0050,22337289,1217806436,54.3,54.8,54.25,54.7,0.6,3521
2012-12-14,0050,9058714,492300198,54.6,54.6,54.2,54.2,-0.5,1973
2012-12-17,0050,5560398,298483207,54.2,54.2,53.4,53.5,-0.7,2048
2012-12-18,0050,6360924,340477615,53.75,53.75,53.4,53.55,0.05,971
2012-12-19,0050,4659401,250353021,53.95,53.95,53.6,53.7,0.15,999
2012-12-20,0050,7276056,387311716,53.35,53.5,53.05,53.05,-0.65,1720
2012-12-21,0050,11689407,615644971,53.05,53.2,52.4,52.8,-0.25,3397
2012-12-24,0050,4391649,231942415,52.9,53.05,52.65,52.7,-0.25,1036
2012-12-25,0050,11578037,618370432,52.75,53.7,52.75,53.6,0.9,2272
2012-12-26,0050,18127897,971241798,53.6,53.75,53.4,53.5,-0.1,1633
2012-12-27,0050,11013548,588266868,53.2,53.6,53.2,53.45,-0.05,1744
2012-12-28,0050,19932723,1072073599,53.7,53.95,53.65,53.8,0.35,2088
2013-01-02,0050,16487837,896311193,54,54.65,53.9,54.4,0.6,3320
2013-01-03,0050,29020585,1592306381,54.9,55.05,54.65,54.85,0.45,5427
2013-01-07,0050,8910880,483016448,54.55,54.55,53.9,54.25,-0.25,2039
2013-01-08,0050,12507357,673988953,54,54.2,53.65,53.9,-0.35,1821
2013-01-09,0050,7529070,407184170,53.75,54.3,53.75,54.1,0.2,1450
2013-01-10,0050,13953703,760152853,54.3,54.65,54.15,54.5,0.4,2121
2013-01-11,0050,11837820,646270933,54.7,54.8,54.35,54.45,-0.05,1246
2013-01-14,0050,7282035,393924688,54,54.5,53.8,54.5,0.05,1728
2013-01-15,0050,6609521,357735290,54.2,54.45,53.9,54,-0.5,1605
2013-01-16,0050,8142003,438232812,54.05,54.05,53.7,53.7,-0.3,1769
2013-01-17,0050,10084179,541562513,53.9,54.2,53.2,53.3,-0.4,2611
2013-01-18,0050,5410035,291355474,53.95,53.95,53.7,53.95,0.65,1210
2013-01-21,0050,4525979,243871866,53.95,54.05,53.55,53.9,-0.05,1007
2013-01-22,0050,10501391,567964392,54.3,54.3,53.7,54.05,0.15,1340
2013-01-23,0050,7266884,392940336,54.2,54.3,53.9,54,-0.05,949
2013-01-24,0050,11334440,608084018,53.75,53.9,53.25,53.7,-0.3,2174
2013-01-25,0050,8521237,455161001,53.65,53.7,53.2,53.5,-0.2,2047
2013-01-28,0050,8708776,468347261,53.7,53.95,53.65,53.75,0.25,1422
2013-01-29,0050,21973443,1191890832,53.95,54.5,53.95,54.5,0.75,2958
2013-01-30,0050,21672090,1183403953,54.5,54.75,54.45,54.6,0.1,2765
2013-01-31,0050,12643402,688778596,54.5,54.6,54.3,54.6,0,1555
2013-02-01,0050,15057838,824656103,54.7,54.85,54.6,54.8,0.2,2498
2013-02-04,0050,30980908,1709855941,54.85,55.4,54.85,55.2,0.4,4899
2013-02-05,0050,15988259,878945424,54.9,55.1,54.9,55,-0.2,2022
2013-02-06,0050,29434091,1629883506,55.2,55.5,55.2,55.4,0.4,3827
2013-02-18,0050,29739642,1655483556,55.5,55.9,55.45,55.6,0.2,2829
2013-02-19,0050,16817277,936044921,55.6,55.75,55.55,55.65,0.05,1926
2013-02-20,0050,21814406,1223538584,55.9,56.2,55.9,56.1,0.45,3536
2013-02-21,0050,9951139,556203668,55.9,56.05,55.7,55.7,-0.4,2162
2013-02-22,0050,9130884,507371869,55.6,55.85,55.35,55.5,-0.2,1907
2013-02-25,0050,10431887,580781767,55.8,55.8,55.55,55.7,-0.1,921
2013-02-26,0050,6753666,372791222,55.25,55.4,55.05,55.1,-0.6,1683
2013-02-27,0050,4605027,253713018,55.05,55.2,54.95,55.2,0.1,1056
2013-03-01,0050,5730057,317569049,55.35,55.55,55.3,55.4,0.2,1133
2013-03-04,0050,8270213,454255027,55.4,55.45,54.7,54.75,-0.65,2853
2013-03-05,0050,16081480,884932685,54.9,55.35,54.9,55.2,0.45,1337
2013-03-06,0050,4640574,257530596,55.7,55.75,55.2,55.45,0.25,1132
2013-03-07,0050,5956438,330452404,55.2,55.65,55.2,55.4,-0.05,745
2013-03-08,0050,12380659,690617215,55.6,55.9,55.6,55.8,0.4,1795
2013-03-11,0050,12066208,674388210,55.8,56.1,55.6,55.9,0.1,1693
2013-03-12,0050,7442935,415510001,55.9,56,55.55,55.55,-0.35,1267
2013-03-13,0050,10205851,568131569,55.6,55.95,55.3,55.65,0.1,1807
2013-03-14,0050,12133109,672910988,55.5,55.6,55.35,55.6,-0.05,1722
2013-03-15,0050,9551506,529341414,55.6,55.7,55.2,55.2,-0.4,1540
2013-03-19,0050,3373726,184302099,54.7,54.75,54.5,54.6,0.1,1324
2013-03-20,0050,8821393,479367586,54.35,54.55,54.15,54.25,-0.35,2180
2013-03-21,0050,4929633,267993890,54.4,54.45,54.25,54.3,0.05,1351
2013-03-22,0050,8202388,445102188,54.2,54.35,54.15,54.15,-0.15,1604
2013-03-25,0050,2648667,144567062,54.75,54.75,54.45,54.55,0.4,988
2013-03-26,0050,1956026,106683407,54.55,54.6,54.45,54.55,0,1101
2013-03-27,0050,4540031,248241182,54.6,54.85,54.45,54.7,0.15,1056
2013-03-28,0050,3315710,180675642,54.7,54.75,54.4,54.55,-0.15,1013
2013-03-29,0050,5875788,322903337,54.85,55.15,54.7,55.1,0.55,1463
2013-04-01,0050,3729172,205265726,55.1,55.2,54.95,55,-0.1,1015
2013-04-02,0050,4937409,271289272,55,55.1,54.7,54.85,-0.15,1448
2013-04-03,0050,2925659,160975955,55.1,55.15,54.9,55,0.15,794
2013-04-08,0050,18559790,1002859874,54.45,54.5,53.85,53.85,-1.15,5134
2013-04-09,0050,7681461,413470694,54,54.05,53.6,53.7,-0.15,3301
2013-04-10,0050,3118305,167629813,53.75,53.95,53.6,53.8,0.1,1399
2013-04-11,0050,9842030,533757668,53.95,54.4,53.95,54.35,0.55,1971
2013-04-12,0050,2297003,124825799,54.4,54.5,54.2,54.35,0,735
2013-04-15,0050,4111521,221986028,54.25,54.35,53.75,53.9,-0.45,1193
2013-04-16,0050,5150419,276686993,53.5,54,53.45,54,0.1,1462
2013-04-17,0050,4995060,269565940,54,54.1,53.85,53.9,-0.1,902
2013-04-18,0050,5605761,301895347,53.55,54.1,53.55,53.85,-0.05,987
2013-04-19,0050,22459000,1237683667,54.25,55.5,54.25,55.45,1.6,5315
2013-04-22,0050,11412387,633681675,55.55,55.65,55.3,55.4,-0.05,2471
2013-04-23,0050,3673886,202446391,55.4,55.4,54.95,55.1,-0.3,1034
2013-04-24,0050,12432393,690770599,55.35,55.75,55.25,55.55,0.45,2721
2013-04-26,0050,11113050,622403221,55.8,56.2,55.8,55.85,0.2,2986
2013-04-29,0050,8140413,454738921,55.9,56,55.75,55.8,-0.05,1781
2013-04-30,0050,17616881,994043474,56.25,56.55,56.25,56.4,0.6,3793
2013-05-02,0050,15919943,899914379,56.35,56.65,56.35,56.55,0.15,2684
2013-05-03,0050,13217634,751481268,56.85,57,56.65,56.65,0.1,2300
2013-05-06,0050,8575588,488875027,57,57.15,56.9,56.9,0.25,2033
2013-05-07,0050,14262007,813797499,56.9,57.2,56.8,57.1,0.2,2240
2013-05-08,0050,21793386,1258269249,57.2,58.1,57.2,57.85,0.75,4030
2013-05-09,0050,17797101,1037335180,58.2,58.45,58.15,58.2,0.35,2954
2013-05-10,0050,9240965,535856639,58.1,58.15,57.85,57.9,-0.3,1698
2013-05-14,0050,10934122,634102226,58,58.25,57.75,57.9,0.15,1790
2013-05-15,0050,11719865,678723820,58.1,58.1,57.65,57.95,0.05,2143
2013-05-16,0050,32187846,1888455526,58.5,58.9,58.4,58.7,0.75,4533
2013-05-17,0050,8651843,506338140,58.6,58.7,58.4,58.4,-0.3,1880
2013-05-20,0050,7993319,466046373,58.3,58.5,58.1,58.3,-0.1,1449
2013-05-21,0050,6989772,408198029,58.35,58.7,58.15,58.3,0,1187
2013-05-22,0050,7429351,433863893,58.65,58.7,58.2,58.25,-0.05,1176
2013-05-23,0050,14865840,854334512,57.9,58,57,57,-1.25,3514
2013-05-24,0050,6949631,395777002,57,57.2,56.6,56.85,-0.15,1688
2013-05-27,0050,3285598,187924976,56.8,57.35,56.8,57.35,0.5,1116
2013-05-28,0050,2342716,134258644,57.4,57.45,57.15,57.15,-0.2,754
2013-05-29,0050,7988608,460199379,57.35,57.8,57.35,57.65,0.5,1178
2013-05-30,0050,8823666,503172389,57.4,57.45,56.85,56.95,-0.7,1746
2013-05-31,0050,9240119,528579918,57.5,57.7,56.8,56.95,0,1733
2013-06-03,0050,6538988,369199492,56.45,56.75,56.25,56.7,-0.25,1775
2013-06-04,0050,4243204,239911728,56.7,56.8,56.35,56.6,-0.1,965
2013-06-05,0050,3459608,195736906,56.55,56.75,56.35,56.6,0,829
2013-06-06,0050,15077276,843973096,56.2,56.3,55.75,55.9,-0.7,3594
2013-06-07,0050,9058196,507189027,55.95,56.15,55.9,56.05,0.15,1488
2013-06-10,0050,3505343,198281891,56.55,56.7,56.4,56.5,0.45,1192
2013-06-11,0050,4689065,264735617,56.55,56.65,56.25,56.35,-0.15,997
2013-06-13,0050,33023834,1823370059,55.9,55.9,55,55,-1.35,6985
2013-06-14,0050,18099232,994221942,55.15,55.15,54.7,54.8,-0.2,3768
2013-06-17,0050,5347377,294417027,54.85,55.15,54.8,55.15,0.35,1799
2013-06-18,0050,8771556,483236999,55.15,55.4,54.85,55.4,0.25,1967
2013-06-19,0050,6076740,336207455,55.5,55.5,55.15,55.3,-0.1,1057
2013-06-20,0050,25487892,1389253031,55,55,54.2,54.25,-1.05,6014
2013-06-21,0050,34639623,1853783057,54.1,54.1,53.25,53.6,-0.65,8449
2013-06-24,0050,21260360,1132613599,53.4,53.5,53.1,53.4,-0.2,5098
2013-06-25,0050,19437447,1034612098,53.3,53.7,52.95,53,-0.4,4591
2013-06-26,0050,9915925,531376780,53.6,53.8,53.3,53.7,0.7,3696
2013-06-27,0050,22275200,1205472258,54.05,54.35,53.9,54.35,0.65,3704
2013-06-28,0050,13714432,751100239,54.4,55.1,54.3,55.1,0.75,3458
2013-07-01,0050,13788335,763383444,54.8,55.7,54.8,55.6,0.5,3037
2013-07-02,0050,4672336,259565154,55.65,55.75,55.45,55.5,-0.1,1354
2013-07-03,0050,7004292,385469799,55.2,55.4,54.85,54.85,-0.65,1985
2013-07-04,0050,4877072,268102694,54.9,55.15,54.8,54.95,0.1,1002
2013-07-05,0050,17674559,986410395,55.25,56.05,55.2,56.05,1.1,3536
2013-07-08,0050,8666116,477968424,56.05,56.05,54.95,55,-1.05,2691
2013-07-09,0050,4074161,225977952,55,55.7,54.95,55.65,0.65,1513
2013-07-10,0050,9107840,510560539,55.75,56.3,55.65,55.8,0.15,2369
2013-07-11,0050,30308916,1728349862,56.75,57.4,56.7,57.2,1.4,6127
2013-07-12,0050,12910000,739250700,57.2,57.4,57.1,57.35,0.15,2398
2013-07-15,0050,14187888,815949882,57.35,57.7,57.1,57.5,0.15,2434
2013-07-16,0050,9554028,549362591,57.5,57.6,57.35,57.5,0,1724
2013-07-17,0050,12990199,747619681,57.4,57.75,57.35,57.6,0.1,2110
2013-07-18,0050,12640447,723858943,57.6,57.65,57.1,57.2,-0.4,2128
2013-07-19,0050,24692954,1385796832,56.9,56.9,55.75,55.95,-1.25,5173
2013-07-22,0050,5257632,295654456,56.15,56.4,56.1,56.15,0.2,1382
2013-07-23,0050,8971869,510606898,56.5,57.2,56.5,57.05,0.9,2838
2013-07-24,0050,4960850,282334850,56.8,57.15,56.8,56.9,-0.15,1618
2013-07-25,0050,4111707,234028765,56.8,57.15,56.5,57,0.1,1241
2013-07-29,0050,5925434,334904486,56.7,56.85,56.25,56.5,-0.4,1497
2013-07-30,0050,10121624,576372668,56.75,57.15,56.5,56.95,0.45,1249
2013-07-31,0050,4383656,248571828,56.95,56.95,56.55,56.6,-0.35,1140
2013-08-01,0050,7468236,420330725,56.55,56.65,56.05,56.2,-0.4,1864
2013-08-02,0050,6840267,387353274,56.6,57,56.35,56.55,0.35,1375
2013-08-05,0050,2877732,162791874,56.5,56.8,56.25,56.7,0.15,1074
2013-08-06,0050,20739753,1158970776,56.4,56.4,55.75,55.9,-0.8,4604
2013-08-07,0050,21061146,1163901589,55.55,55.55,55.1,55.1,-0.8,5564
2013-08-08,0050,25089681,1379035959,55,55.1,54.8,54.9,-0.2,5058
2013-08-09,0050,25862360,1417930574,54.9,55.1,54.65,54.85,-0.05,4143
2013-08-12,0050,12024912,659841614,55,55.05,54.7,55,0.15,2689
2013-08-13,0050,7627486,422919658,55.35,55.55,55.3,55.55,0.55,2120
2013-08-14,0050,11120302,614619593,55.55,55.55,55.1,55.4,-0.15,2030
2013-08-15,0050,17432561,954337876,54.85,55.05,54.5,55,-0.4,4363
2013-08-16,0050,17785551,978460432,54.65,55.45,54.65,55.25,0.25,2438
2013-08-19,0050,8438620,464099757,55.05,55.1,54.85,55.1,-0.15,1631
2013-08-20,0050,19856498,1086946503,54.85,55.15,54.5,54.6,-0.5,4055
2013-08-22,0050,30612447,1655599727,54.3,54.35,53.85,54.15,-0.45,7481
2013-08-23,0050,16798781,920166255,54.5,55,54.5,54.85,0.7,3612
2013-08-26,0050,6650143,365856474,55,55.2,54.75,55.1,0.25,1792
2013-08-27,0050,7339895,402257761,55,55,54.6,54.6,-0.5,1770
2013-08-28,0050,9583954,522647708,54.35,54.75,54.3,54.75,0.15,3205
2013-08-29,0050,12791404,708453609,54.85,55.6,54.85,55.5,0.75,3687
2013-08-30,0050,11435856,637169530,55.6,55.85,55.4,55.85,0.35,2375
2013-09-02,0050,20804919,1168126905,55.95,56.4,55.9,56.3,0.45,4386
2013-09-03,0050,20556239,1163846548,56.6,56.7,56.4,56.65,0.35,3910
2013-09-04,0050,10480444,591077767,56.5,56.6,56.25,56.55,-0.1,1958
2013-09-05,0050,21411913,1215478542,56.7,56.95,56.55,56.9,0.35,3594
2013-09-06,0050,22393275,1275634725,56.85,57.05,56.85,57,0.1,3240
2013-09-09,0050,17058581,973707355,57,57.3,56.7,57.2,0.2,3490
2013-09-10,0050,23422376,1344057399,57.35,57.6,57.15,57.35,0.15,3480
2013-09-11,0050,20577058,1180087008,57.5,57.5,57.1,57.5,0.15,3196
2013-09-12,0050,12988288,747456799,57.4,57.7,57.3,57.55,0.05,2609
2013-09-13,0050,5616027,321689664,57.5,57.6,57.1,57.1,-0.45,1447
2013-09-16,0050,14816216,856213071,57.45,57.95,57.45,57.8,0.7,3739
2013-09-17,0050,6240628,359786428,57.5,57.75,57.5,57.75,-0.05,1343
2013-09-18,0050,14816839,855895353,57.9,58,57.55,57.55,-0.2,1585
2013-09-23,0050,10272430,594937074,57.55,58.15,57.5,58,0.45,2144
2013-09-24,0050,10109391,585958178,58,58.1,57.75,58.05,0.05,1246
2013-09-25,0050,4177369,241141358,58,58,57.6,57.8,-0.25,1038
2013-09-26,0050,4355788,249816271,57.7,57.8,57.2,57.25,-0.55,1653
2013-09-27,0050,4768533,273846827,57.4,57.55,57.35,57.4,0.15,764
2013-09-30,0050,16694045,952581260,57,57.3,56.75,57.15,-0.25,1620
2013-10-01,0050,15431775,882515976,57,57.3,57,57.15,0,1054
2013-10-02,0050,11303711,648114852,57.5,57.5,57.25,57.35,0.2,644
2013-10-04,0050,16689318,974553372,58.5,58.55,58.25,58.45,-0.1,2365
2013-10-07,0050,4869744,282120552,58.15,58.15,57.85,57.9,-0.55,1346
2013-10-08,0050,9440826,549339920,57.85,58.45,57.8,58.35,0.45,1454
2013-10-09,0050,6006272,349660364,58.1,58.35,58,58.2,-0.15,1473
2013-10-11,0050,9045228,530474251,58.85,58.95,58.4,58.45,0.25,2197
2013-10-14,0050,6623978,385079299,58.4,58.4,57.95,58,-0.45,1463
2013-10-15,0050,8042634,470229772,58.45,58.6,58.3,58.5,0.5,2213
2013-10-16,0050,7029103,410205350,58.45,58.6,58.25,58.25,-0.25,1844
2013-10-17,0050,5062547,296652655,58.65,58.85,58.45,58.55,0.3,1332
2013-10-18,0050,14818570,872614980,58.65,59.1,58.65,59.05,0.5,3248
2013-10-22,0050,7199462,424384758,58.8,59.1,58.6,59,0,1907
2013-10-23,0050,8639415,508499416,59.1,59.1,58.6,58.7,-0.3,1854
2013-10-24,0050,7935549,455537474,57.7,57.7,57.15,57.55,0,2173
2013-10-25,0050,11177175,638101042,57.35,57.35,56.85,57.1,-0.45,3667
2013-10-28,0050,6936708,398366820,57.15,57.65,57.1,57.5,0.4,1736
2013-10-29,0050,5790985,333532119,57.45,57.8,57.3,57.75,0.25,1313
2013-10-30,0050,4375748,252901791,57.8,57.9,57.65,57.9,0.15,1240
2013-10-31,0050,6045775,349993250,57.85,58.05,57.6,57.9,0,1492
2013-11-01,0050,6293364,362802228,58,58.1,57.45,57.6,-0.3,1612
2013-11-04,0050,6647499,380466626,57.4,57.4,57.1,57.35,-0.25,2102
2013-11-05,0050,7879372,448706061,57.25,57.35,56.75,56.8,-0.55,2598
2013-11-07,0050,4901449,277659985,56.85,56.85,56.5,56.65,-0.15,1630
2013-11-08,0050,6209803,350923675,56.6,56.65,56.35,56.45,-0.2,1939
2013-11-11,0050,8237847,463973321,56.45,56.5,56.2,56.3,-0.15,2594
2013-11-12,0050,6243339,352233375,56.6,56.6,56.2,56.5,0.2,1737
2013-11-13,0050,17168796,960655076,56.25,56.3,55.7,55.75,-0.75,4884
2013-11-14,0050,15583085,870463710,56,56.1,55.65,55.9,0.15,3495
2013-11-15,0050,12722507,714440665,56.1,56.35,55.9,56.15,0.25,3079
2013-11-18,0050,5565731,313864114,56.35,56.5,56.2,56.45,0.3,1834
2013-11-19,0050,8478759,480733824,56.55,56.85,56.55,56.8,0.35,2094
2013-11-20,0050,9701799,548101949,56.65,56.7,56.35,56.45,-0.35,2514
2013-11-21,0050,35062264,1947623471,56.1,56.1,55.4,55.45,-1,9065
2013-11-25,0050,10345365,582454673,56.15,56.5,56.15,56.25,0.75,2827
2013-11-26,0050,9878559,558861474,56,56.9,56,56.7,0.45,2404
2013-11-27,0050,8118057,462140733,56.7,57.05,56.65,57,0.3,2274
2013-11-28,0050,11237010,644295393,57.35,57.45,57.2,57.35,0.35,2803
2013-11-29,0050,14720545,846658034,57.35,57.7,57.25,57.55,0.2,2727
2013-12-02,0050,5600990,321900939,57.6,57.7,57.35,57.45,-0.1,1672
2013-12-03,0050,7385103,423383862,57.35,57.5,57.15,57.5,0.05,1668
2013-12-04,0050,7401796,425548315,57.25,57.65,57.2,57.45,-0.05,1972
2013-12-05,0050,6056780,346321000,57.45,57.5,57,57.1,-0.35,1628
2013-12-06,0050,4023610,230202816,57.05,57.4,56.9,57.15,0.05,1266
2013-12-09,0050,8645140,499380365,57.55,57.95,57.55,57.65,0.5,2870
2013-12-11,0050,10106222,585498669,57.95,58.3,57.65,57.85,0.05,2213
2013-12-12,0050,4216323,241964618,57.6,57.6,57.2,57.4,-0.45,1478
2013-12-13,0050,5099860,292052296,57.1,57.4,57.05,57.35,-0.05,1402
2013-12-16,0050,6971824,396351979,57.25,57.25,56.7,56.9,-0.45,1845
2013-12-17,0050,3090413,176775069,57.15,57.3,57.1,57.2,0.3,907
2013-12-18,0050,3488194,198913319,57.2,57.2,56.85,57,-0.2,1013
2013-12-19,0050,6051598,347058762,57.4,57.5,57.15,57.35,0.35,1163
2013-12-20,0050,4317836,247994045,57.35,57.55,57.2,57.45,0.1,890
2013-12-23,0050,9016858,521687914,57.55,58,57.55,57.85,0.4,2510
2013-12-24,0050,5052909,292130170,57.85,57.9,57.7,57.8,-0.05,1644
2013-12-25,0050,3321019,192087677,57.9,57.95,57.75,57.85,0.05,914
2013-12-27,0050,12606977,732657190,57.8,58.4,57.8,58.3,0.45,3089
2013-12-30,0050,18118818,1064065626,58.35,58.95,58.35,58.8,0.5,3293
2013-12-31,0050,12256516,722130011,59.05,59.05,58.7,58.7,-0.1,2036
2014-01-02,0050,10762073,629994789,58.7,58.75,58.35,58.55,-0.15,2326
2014-01-03,0050,14509506,840196483,58.45,58.45,57.7,57.85,-0.7,3606
2014-01-06,0050,14870810,857370777,57.75,57.95,57.55,57.7,-0.15,3651
2014-01-07,0050,13128332,758131999,57.75,57.9,57.7,57.7,0,2582
2014-01-08,0050,7605215,439845285,57.7,57.95,57.7,57.8,0.1,1997
2014-01-09,0050,8571228,493178086,57.65,57.8,57.4,57.55,-0.25,2329
2014-01-10,0050,4741624,272992903,57.5,57.65,57.5,57.55,0,1027
2014-01-14,0050,4276441,246832293,57.7,57.85,57.6,57.8,-0.1,1753
2014-01-15,0050,11675845,680334063,57.95,58.45,57.95,58.4,0.6,3783
2014-01-16,0050,12771698,749062443,58.5,58.75,58.5,58.55,0.15,2648
2014-01-17,0050,8169584,478201524,58.6,58.7,58.3,58.65,0.1,2188
2014-01-20,0050,5627156,330310001,58.4,58.8,58.4,58.8,0.15,2155
2014-01-21,0050,6963662,408195578,58.75,58.85,58.5,58.55,-0.25,984
2014-01-22,0050,6838219,400293473,58.45,58.65,58.35,58.65,0.1,2088
2014-01-23,0050,6904868,404192804,58.6,58.75,58.35,58.5,-0.15,1588
2014-01-24,0050,10706035,627470683,58.3,58.8,58.3,58.65,0.15,1417
2014-01-27,0050,21325343,1228049744,58.1,58.2,57.45,57.6,-1.05,5733
2014-02-05,0050,57559609,3221379831,56.4,56.4,55.6,55.8,-1.8,14073
2014-02-06,0050,12853797,719872613,55.95,56.2,55.8,56,0.2,4307
2014-02-07,0050,16027524,906121727,56.4,56.7,56.3,56.6,0.6,4581
2014-02-10,0050,6020179,341784486,56.9,56.9,56.6,56.6,0,2230
2014-02-11,0050,5582078,317077336,56.6,56.95,56.6,56.95,0.35,1312
2014-02-12,0050,18604541,1067688348,57.15,57.55,57.15,57.55,0.6,3367
2014-02-13,0050,8235696,472958789,57.45,57.55,57.35,57.4,-0.15,1407
2014-02-14,0050,22328857,1295999585,57.7,58.2,57.7,57.95,0.55,4400
2014-02-17,0050,15434959,896780422,58.1,58.25,57.95,57.95,0,2094
2014-02-18,0050,13088686,759134214,57.95,58.15,57.8,58.15,0.2,2463
2014-02-19,0050,13366688,776753628,58.1,58.2,58.05,58.15,0,1499
2014-02-20,0050,13737331,793857746,58.05,58.05,57.6,57.65,-0.5,1890
2014-02-21,0050,17317428,1009724094,58.4,58.45,58.2,58.2,0.55,3615
2014-02-24,0050,7368063,427851584,58.4,58.45,57.8,57.9,-0.3,1848
2014-02-25,0050,8621993,500963922,58.25,58.25,57.95,58.15,0.25,2155
2014-02-26,0050,8953651,522326087,58,58.5,57.95,58.4,0.25,1914
2014-02-27,0050,3676458,214534731,58.3,58.45,58.3,58.3,-0.1,906
2014-03-03,0050,8020935,463398140,57.8,58.15,57.5,57.95,-0.35,1774
2014-03-04,0050,6185686,357739238,57.9,58,57.7,57.7,-0.25,1815
2014-03-05,0050,6901618,402695756,58.2,58.45,58.2,58.3,0.6,2290
2014-03-06,0050,26226639,1543672801,58.35,59.2,58.35,59.15,0.85,5539
2014-03-07,0050,30394804,1808621977,59.3,59.8,59.3,59.4,0.25,4273
2014-03-10,0050,7930817,468535003,59.3,59.4,58.95,59.05,-0.35,2428
2014-03-11,0050,4967719,294581577,59.25,59.45,59.15,59.35,0.3,939
2014-03-12,0050,2671739,157215101,58.85,59,58.75,58.8,-0.55,780
2014-03-13,0050,25692825,1533321519,59.25,59.8,59.25,59.75,0.95,5067
2014-03-14,0050,13449615,796078253,59.15,59.3,59.1,59.15,-0.6,2387
